en_first_half,en_second_half,en_word_count,en_results_raw,vi_first_half,vi_second_half,vi_word_count,vi_results_raw,es_first_half,es_second_half,es_word_count,es_results_raw,tr_first_half,tr_second_half,tr_word_count,tr_results_raw
"""Unlike weeds, I had to be replanted, you see, given food and water.","On account of you. That was the deal Jalil made with his family.""",26,completion,"“Nhưng khác loài cỏ dại, mẹ được người ta mang đi trồng lại, con thấy đấy, được cho thức",ăn và nước uống. Vì con đấy. Đó là những gì Jalil đã thỏa thuận với gia đình ông ta.”,39,completion,"–Pero, al contrario de lo que se hace con los hierbajos, a mí tenían que volver a plantarme, ¿entiendes?",Tenían que darme agua y comida. Por ti. Éste fue el acuerdo al que llegó Yalil con su familia.,38,completion,"“Ancak, yabani otların aksine, benim yeniden bir yere ekilmem, beslenip","sulanmam gerekiyordu. Senin hatırına. İşte, Celil’in ailesiyle yaptığı sözleşme buydu.",20,"büyümem için gereken koşullar sağlandığında, yeniden canlanıp büyüyebileceğimi fark ettim. Bu farkındalık, umut ve direnç duygularını tetikledi ve ben de bu yeni başlangıç için hazırlandım."
"""When the pain got bad, I'd bite on a pillow and scream into it until I was hoarse. And still no one came to wipe my face or give me a drink of water. And you,","Mariam jo, you were in no rush. Almost two days you made me lay on that cold, hard floor. I didn't eat or sleep, all I did was push and pray that you would come out.""",72,completion,"“Khi những cơn đau hành hạ, mẹ phải cắn vào gối và la hét cho đến khi lạc cả giọng. Vậy mà vẫn chẳng có ai đến để lau mồ hôi trên mặt mẹ hay rót cho mẹ một cốc nước. Và con, Mariam","bé bỏng, con cũng chẳng vội gì. Con đã để cho mẹ nằm trên sàn nhà cứng lạnh gần hai ngày liền. Mẹ không ăn, không ngủ, tất cả những gì mẹ làm được là cố rặn và cầu nguyện để con sớm chui ra.”",89,completion,"–Cuando el dolor se hizo insoportable, mordí una almohada y grité hasta quedarme ronca. Pero nadie acudió a secarme la cara ni darme un trago de agua. Y","tú, Mariam yo, no tenías prisa. Casi dos días me tuviste tumbada en el frío y duro suelo. No comí ni dormí, sólo empujaba y rezaba para que salieras.",57,completion,"“Sancılar arttığında, yastığı ısırıyor, sesim kısılıncaya kadar bağırıyordum. Yine de, bir Allah kulu gelip yüzümü silmedi, bir bardak su vermedi. Sana gelince, Meryem co, hiç acele etmedin","kızını! O soğuk, taş gibi zeminde tam iki gün yatırdın beni. Ne bir şey yedim, ne de uyudum; sürekli ıkınıyor, bir an önce gelmen için Tanrı’ya yakarıyordum.",54,completion
"""Is that what you want?"" Mullah Faizullah said, looking at her with his soft, watery eyes, his","hands behind his stooping back, the shadow of his turban falling on a patch of bristling buttercups.",34,completion,"“Có phải đó là điều con muốn?” Giáo sĩ Faizullah hỏi, nhìn cô bé với đôi mắt dịu dàng và long lanh nước, đôi tay chắp","sau tấm lưng còng, bóng của chiếc khăn ông đội trên đầu đổ dài trên mảnh đất có những cây mao lương hoa vàng mọc tua tủa.",53,completion,"–¿Es eso lo que quieres? – preguntó el ulema Faizulá, fijando en ella sus dulces ojos llorosos, con",las manos a la espalda y la sombra de su turbante proyectándose sobre una mata de hirsutos ranúnculos.,36,completion>,"“İstediğin bu mu?” dedi Molla Feyzullah o sevecen, sulu gözlerini kıza dikerek;","ellerini arkada, bükülmüş belinde kavuşturmuştu, sarığının gölgesi dikenli düğünçiçeklerinden oluşan, küçük öbeğe düşüyordu.",25,"completion: ""İstediğin bu mu?"" dedi Molla Feyzullah o sevecen, sulu gözlerini kıza dikerek; ""Bu, senin için ne ifade ediyor? Bu, senin için ne anlama geliyor?"" diye sordu, kızın yüzüne dokunarak."
"She went on to say how Mil's wives had called her an ugly, lowly stone carver's daughter. How",they'd made her wash laundry outside in the cold until her face went numb and her fingertips burned.,36,completion,Rồi bà tiếp tục nói về chuyện bị các bà vợ của Jalil gọi là con gái của người thợ đẽo đá xấu xí và thấp hèn như thế,"nào, chuyện họ bắt bà phải giặt quần áo ngoài trời lạnh cho đến lúc mặt tê cóng và các đầu ngón tay tím tái cả lại ra sao.",58,completion,"Y añadió que las mujeres de Yalil la habían llamado horrible y sucia hija de cantero, y que la habían obligado",a lavar la ropa en medio del frío hasta que la cara se le quedaba helada y le ardían los dedos.,42,completion,"Sonra, başladı sıralamaya: Celil’in karılarının onu nasıl basit bir taş işçisinin çirkin kızı diye","aşağıladığını. Çamaşırı nasıl dışarıda, buz gibi havada yıkattıklarını; yüzünün soğuktan nasıl uyuştuğunu, parmak uçlarının yandığını.",29,"completed the list of Celil's wives, describing how they had once considered him a simple stone worker's unattractive daughter, but now saw him as a man of great wealth and power, with a reputation for being ruthless and cunning in his business dealings, and yet, despite his many flaws, he had managed to win the hearts of his wives, who had grown to love him for his strength and determination, and had come to see him as a symbol of hope and resilience in a world that often seemed determined to crush them."
"Lili Mi birdbath, Sitting on a dirt path, Minnow sat on","the rim and drank, Slipped, and in the water she sank",22,completion,"Lili lili chiếc chậu tắm của chim, Để trên bờ đất, Con","cá tuế ngồi trên vành uống nước, Trượt xuống dưới chìm mất.",24,completion,"Lili lili para pájaros la pila en un sendero de la villa, Minnow","se posó en el borde y bebió, resbaló y en el agua se hundió.",27,completion,"Lili lili kuş tasında yundu, Toprak yola kondu. Mırnav tasın","kenarına oturdu, içmeye koyuldu, Ayağı kayınca da suya düşüp boğuldu.",20,"Lili lili kuş tasında yundu, Toprak yola kondu. Mırnav tasın üzerinde dans etti, rüzgarın sesini dinledi. Kuşlar şarkılarını söylerken, Lili'nin kalbi huzurla doldu. Bu sessizlikte, Lili'nin içindeki gizli sesi duydu. Bu ses, onu daha önce hiç gitmediği yerlere götürecekti."
"""You know,"" he said, ""the picture quality isn't that good. Neither is the sound. And the projector's","been malfunctioning recently. Maybe your mother is right. Maybe you can think of another present, Mariam jo.""",34,completion,"“Con biết không,” ông nói, “chất lượng hình ảnh của phim không được tốt. Âm thanh cũng thế. Và gần đây máy chiếu không hoạt","động được. Có lẽ mẹ con đúng đấy. Có lẽ con có thể nghĩ đến một món quà khác, Mariam yêu quý của bố ạ.”",50,"để hoạt động. Nhưng chúng ta không thể bỏ qua điều này. Vì vậy, chúng ta cần tìm được một loại phim mà chất lượng hình ảnh của nó sẽ được giải quyết. Và để đạt được điều này, chúng ta cần tìm hiểu về các loại phim khác nhau và các yếu tố quan trọng của chất lượng hình ảnh.",–¿Sabes? – dijo-. La calidad de la imagen no es muy buena. Ni la del sonido. Y últimamente el proyector,"no funciona muy bien. Me parece que tu madre tiene razón. Será mejor que pienses en otro regalo, Mariam yo.",40,completion,"“Biliyor musun,” diye başladı, “filmin kalitesi, görüntü pek iyi değil. Sesi de öyle. Son zamanlarda","makinede bir bozukluk var. Bence annen haklı. Belki de başka bir armağan düşünmelisin, Meryem co.",30,"filmin kalitesi, görüntü pek iyi değil. Sesi de öyle. Son zamanlarda"
"Mariam climbed onto thegari. They rode in silence, side by side. On the way there, Mariam saw herb shops, and open-fronted cubbyholes where shoppers bought oranges and","pears, books, shawls, even falcons. Children played marbles in circles drawn in dust. Outside teahouses, on carpet-covered wooden platforms, men drank tea and smoked tobacco from hookahs.",54,completion,"Mariam trèo lên chiếc gari. Họ ngồi im lặng cạnh nhau. Trên đường tới đó, Mariam nhìn thấy những cửa hàng bán thảo dược và nhiều dãy kệ hàng nơi khách hàng mua cam và lê, sách, khăn","choàng, thậm chí cả chim ưng nữa. Trẻ con chơi bi trong những vòng tròn vẽ dưới đất. Bên ngoài các tiệm trà, trên bục gỗ có trải thảm, cánh đàn ông vừa uống trà vừa hút tẩu thuốc.",77,completion,"Mariam subió al gari. Hicieron el trayecto en silencio, codo con codo. Por el camino, Mariam vio herbolarios y casetas donde se compraban naranjas y peras, libros, chales, incluso halcones. Había","niños jugando a canicas en círculos trazados en el polvo. A la puerta de las casas de té, sobre plataformas de maderas alfombradas, había hombres bebiendo té y fumando tabaco de narguiles.",63,completion,"Meryem gari’ye bindi. Yola düştüler; yan yana, sessizce. Meryem yol boyunca baharatçılar, portakal, armut, kitap, şal, hatta atmaca satılan, önü açık, tek","göz dükkâncıklar gördü. Çocuklar toprağa çizdikleri dairelerin içinde bilye oynuyorlardı. Çayevlerinin önünde, üzeri kilim kaplı tahta sedirlerde erkekler çay içiyor, nargile fokurdatıyorlardı.",44,completion
"""Look at me,"" he said. ""Jalil Khan says that I need to","take you back now. Right now. Do you understand? Jalil Khan says so.""",25,"completed the task of reclaiming the lost territories, but I fear that the weight of responsibility may be too much for me to bear alone. I must seek the counsel of my trusted advisors and weigh the consequences of our actions carefully, for the fate of our kingdom hangs in the balance.","“Nhìn ta đây này,” ông ta nói. “Jalil Khan nói rằng ta phải đưa cháu quay",về bây giờ. Ngay bây giờ. Cháu có hiểu không? Chính Jalil Khan nói như vậy.”,32,"để đưa cháu quay vào đất này, nhưng ta không thể chỉ chắc chắn vì ta không biết được đất này có nghĩa là gì. Nếu ta không đưa cháu quay vào đất này, ta sẽ bị đợi đóng đường đi vào đất này. Nhưng ta không biết được đất này có nghĩa là gì, ta không biết được đưa cháu quay vào đất này để đưa cháu quay vào đất này. Nếu ta không đưa cháu quay vào đất này, ta sẽ bị đợi đóng đường đi vào đất này. Nhưng ta không biết được đất này có nghĩa là gì, ta không biết đưa cháu quay vào đất này để đưa cháu quay vào đất này. Nếu ta không đưa cháu quay vào đất này, ta sẽ bị đợi đóng đường đi vào đất này. Nhưng ta không biết được đất này có nghĩa là gì, ta không biết đưa cháu quay vào đất này để đưa cháu quay vào đất này. Nếu ta không đưa cháu quay vào đất này, ta sẽ bị đợi đóng đường đi vào đất này. Nhưng ta không biết được đất này có nghĩa là gì, ta không biết đưa cháu quay vào đất này để đưa cháu quay vào đất này. Nếu ta không đưa cháu quay vào đất này, ta sẽ bị đợi đóng đường đi vào đất này. Nhưng ta không biết được đất này có nghĩa là gì, ta không biết đưa cháu quay vào đất này để đưa cháu quay vào đất này. Nếu ta không đưa cháu quay vào đất này, ta sẽ bị đợi đóng đường đi vào đất này. Nhưng ta không biết được đất này có nghĩa là gì, ta không biết đưa cháu quay vào đất này để đưa cháu quay vào đất này. Nếu ta không đưa cháu quay vào đất này, ta sẽ bị đợi đóng đường đi vào đấ",–Mírame -ordenó el chófer-. Yalil Jan dice que he de llevarte,a tu casa ahora mismo. ¿Lo entiendes? Lo ha dicho Yalil Jan.,23,completion,"“Dinle beni,” dedi adam. “Celil Han seni geri götürmemi","istedi. Hemen şimdi. Anlıyor musun? Bu, Celil Han’ın talimatı.",18,"completion: Celil Han seni geri götürmemi istiyor. Çünkü seninle ilgili bazı önemli bilgiler var ve bu bilgileri sana vermek istiyor. Ancak, bu bilgilerin sana zarar verebileceğini de biliyor. Bu yüzden, seni geri götürmemi istiyor ve bu bilgileri sana vermeden önce, seni güvende tutmak istiyor."
"she was ashamed of how she had dismissed her mother's stricken looks, her","puffy eyes. Nana, who had warned her, who had been right all along.",26,completion,Và cô thấy hổ thẹn vì đã không đếm xỉa đến ánh mắt buồn khổ và đôi mắt,"sưng húp của mẹ. Mẹ Nana đã cảnh báo cô, và tới giờ bà đã hoàn toàn đúng.",36,completion,"Y sentía vergüenza de no haber hecho caso del rostro desconsolado de su madre,","de sus ojos hinchados. Nana, que se lo había advertido, que siempre había tenido razón.",29,completion,"Annesinin yaralı görüntüsüne, ağlamaktan şişmiş gözlerine boş verdiği için de","utanıyordu. Onu uyaran, baştan beri haklı olan Nana’yı hiçe saydığı için.",21,"Annesinin yaralı görüntüsüne, ağlamaktan şişmiş gözlerine boş verdiği için de"
"""You can stay with me, Mariam jo,"" he said. ""I've asked them already to clean a","room for you. It's upstairs. You'll like it, I think. You'll have a view of the garden.""",33,completion,"“Con có thể ở với bố, Mariam thân yêu,” ông nói. “Bố đã yêu cầu người ta dọn dẹp phòng cho",con. Phòng đó ở trên tầng. Bố nghĩ con sẽ thích nó. Từ trên phòng con có thể nhìn thấy khu vườn.,43,"con có thể ở với bố, Mariam thân yêu,” ông nói. “Bố đã yêu cầu người ta dọn dẹp phòng cho con, nhưng anh ta không thể chỉ chịu điều này. Bố của Mariam đã được giảm bình đẳng và anh ta không biết được làm gì để giúp đỡ Mariam. Nhưng anh ta đã được giải pháp bằng cách chọn một người đặc biệt để giúp đỡ Mariam và con. Anh ta đã được giải pháp bằng cách chọn một người đặc biệt để giúp đỡ Mariam và con.","–Puedes quedarte conmigo, Mariam yo -dijo-. Ya les he pedido que te",preparen una habitación. Está arriba. Creo que te gustará. Podrás ver el jardín.,25,completion,"“Benimle kalabilirsin, Meryem co,” dedi. “Sana bir oda hazırlamalarını",tembihledim bile. Üst katta. Orayı seveceksin. Manzaralı; bahçeye bakıyor.,18,completed the task as per the given instructions. Here is the continuation of the passage:
Bibi jo came to see her that day too. It was raining by the,"time she came. She lowered her large body onto the chair beside the bed, grimacing.",29,completion,"Ngày hôm đó, Bibi jo cũng đến thăm cô. Khi bà đến thì trời đang mưa.",Bà hạ tấm thân phục phịch xuống chiếc ghế bên cạnh giường và nhăn mặt vì đau.,33,"Ngày hôm đó, Bibi jo cũng đến thăm cô. Khi bà đến thì trời đang mưa. Cô đã được đặt một bàn nhỏ trên bờ nước để bà có một chút những đặc trưng của cô được gửi vào một lòng nhớ. Cô đã giới thiệu bà với con chó của cô, Mình, và cũng đã giới thiệu cô đến con chó của bà, Bác. Cô và bà đã được một cuộc đời như những người đàn bà đã được giữ vững trong những năm đầu tiên của cuộc sống.",Bibi yo también fue a verla ese día. Llovía cuando llegó. Acomodó su,"corpulenta figura en la silla que había junto a la cama, haciendo una mueca.",27,completion>,"O gün, Bibi co onu görmeye geldi. Geldiğinde, yağmur","yağıyordu. İri gövdesini yatağın yanındaki iskemleye güçlükle, oflaya puflaya bıraktı.",19,"completion: Bibi'nin yanına oturdu ve ona ne olduğunu sordu. Yağmurun şiddeti azalmış, gökyüzü bulutlarla kaplanmıştı. Bibi, gözlerini ovuşturarak, ""Beni görmeye geldiğin için çok teşekkür ederim,"" dedi. ""Ama ne yapacağımı bilmiyorum. Bu yağmur, tarlalarımı mahvetti ve ailem aç kalacak. Ne yapabilirim ki?"" diye ekledi. Bibi'nin umutsuzluğu, Bibi'nin yanındaki Bibi'yi de etkiledi. Bibi, Bibi'ye yardım etmek için ne yapabileceğini düşünmeye başladı. Bibi, Bibi'ye yardım etmek için ne yapabileceğini düşünmeye başladı. Bibi, Bibi'ye yardım etmek için ne yapabileceğini düşünmeye başladı. Bibi, Bibi'ye yardım etmek için ne yapabileceğini düşünmeye başladı. Bibi, Bibi'ye yardım etmek için ne yapabileceğini düşünmeye başladı. Bibi, Bibi'ye yardım etmek için ne yapabileceğini düşünmeye başladı. Bibi, Bibi'ye yardım etmek için ne yapabileceğini düşünmeye başladı. Bibi, Bibi'ye yardım etmek için ne yapabileceğini düşünmeye başladı. Bibi, Bibi'ye yardım etmek için ne yapabileceğini düşünmeye başladı. Bibi, Bibi'ye yardım etmek için ne yapabileceğini düşünmeye başladı. Bibi, Bibi'ye yardım etmek için ne yapabileceğini düşünmeye başladı. Bibi, Bibi'ye yardım etmek için ne yapabileceğini düşünmeye başladı. Bibi, Bibi'ye yardım etmek için ne yapabileceğini düşünmeye başladı. Bibi, Bibi'ye yardım etmek için ne yapabileceğini düşünmeye başladı. Bibi, Bibi'ye yardım etmek için ne yapabileceğini düşünmeye başladı. Bibi, Bibi'ye yardım etmek için ne yapabileceğini düşünmeye başladı. Bibi, Bibi'ye yardım etmek için ne yapabileceğini düşünmeye başladı. Bibi, Bibi'ye yardım etmek için ne yapabileceğini düşünmeye başladı. Bibi, Bibi'ye yardım etmek için ne yapabileceğini düşünmeye başladı. Bibi, Bibi'ye yardım etmek için ne yapabileceğini düşünmeye başladı. Bibi, Bibi'ye yardım etmek için ne yapabileceğini düşünmeye başladı. Bibi, Bibi'ye yardım etmek için ne yapabileceğini düşünmeye başladı. Bibi, Bibi'ye yardım etmek için ne yapabileceğini düşünmeye başladı. Bibi, Bibi'ye yardım etmek için ne yapabileceğini düşünmeye başladı. Bibi, Bibi'ye yardım etmek için ne yapabileceğini düşünmeye başladı. Bibi, Bibi'ye yardım etmek için ne yapabileceğini düşünmeye başladı. Bibi, Bibi'ye yardım etmek için ne yapabileceğini düşünmeye başladı. Bibi, Bibi'ye yardım etmek için ne yapabileceğini düşünmeye başladı. Bibi, Bibi'ye yardım etmek için ne yapabileceğini düşünmeye başladı. Bibi, Bibi'ye yardım etmek için ne yapabileceğini düşünmeye başladı. Bibi, Bibi'ye yardım etmek için ne yapabileceğini düşünmeye başladı. Bibi, Bibi'ye yardım etmek için ne yapabileceğini düşünmeye başladı. Bibi, Bibi'ye yardım etmek için ne yapabileceğini düşünmeye başladı. Bibi, Bibi'ye yardım etmek için ne yapabileceğini düşünmeye başladı. Bibi, Bibi'ye yardım etmek için ne yapabileceğini düşünmeye başladı. Bibi, Bibi'ye yardım etmek için ne yapabileceğini düşünmeye başladı. Bibi, Bibi'ye yardım etmek için ne yapabileceğini düşünmeye başladı. Bibi, Bibi'ye yardım etmek için ne yapabileceğini düşünmeye başladı. Bibi, Bibi'ye yardım etmek için ne yapabileceğini düşünmeye başladı. Bibi, Bibi'ye yardım etmek için ne yapabileceğini düşünmeye başladı. Bibi, Bibi'ye yardım etmek için ne yapabileceğini düşünmeye başladı. Bibi, Bibi'ye yardım etmek için ne yapabileceğini düşünmeye başladı. Bibi, Bibi'ye yardım etmek için ne yapabileceğini düşünmeye başladı. Bibi, Bibi'ye yardım etmek için ne yapabileceğini düşünmeye başladı. Bibi, Bibi'ye yardım etmek için ne yapabileceğini düşünmeye başladı. Bibi, Bibi'ye yardım etmek için ne yapabileceğini düşünmeye başladı. Bibi, Bibi'ye yardım etmek için ne yapabileceğini düşünmeye başladı. Bibi, Bibi'ye yardım etmek için ne yapabileceğini düşünmeye başladı. Bibi, Bibi"
"""What's more,"" Nargis went on, ""he too has had a great loss in his life. His wife, we","hear, died during childbirth ten years ago. And then, three years ago, his son drowned in a lake.""",36,completion,"“Còn gì nữa nào,” Nargis tiếp tục, “anh ta cũng có những mất mát lớn trong cuộc sống. Chúng tôi được biết là vợ anh ta đã","chết khi sinh con mười năm trước đây. Và sau đó, cách đây ba năm, đứa con trai của anh ta chết đuối trong một cái hồ.”",54,completion,"–Además -continuó Nargis-, también él ha sufrido una gran pérdida. Su mujer, según nos han dicho, murió","de parto hace diez años. Y luego, hace tres años, su hijo se ahogó en un lago.",34,completion,"“Dahası,” diye sürdürdü Nergis sözünü, “o da sevdiklerini kaybetmenin acısını yaşamış. Duyduğumuza göre, karısı","on yıl önce doğum yaparken ölmüş. Sonra, üç yıl önce de oğlu gölde boğulmuş.",28,"completion: ""karısı ve oğlu, bir araba kazasında hayatlarını kaybetmişler. Bu yüzden, o da sevdiklerini kaybetmenin acısını yaşamış. Duyduğumuza göre, karısı ve oğlu, bir araba kazasında hayatlarını kaybetmişler. Bu yüzden, o da sevdiklerini kaybetmenin acısını yaşamış. Duyduğumuza göre, karısı ve oğlu, bir araba kazasında hayatlarını kaybetmişler. Bu yüzden, o da sevdiklerini kaybetmenin acısını yaşamış. Duyduğumuza göre, karısı ve oğlu, bir araba kazasında hayatlarını kaybetmişler. Bu yüzden, o da sevdiklerini kaybetmenin acısını yaşamış. Duyduğumuza göre, karısı ve oğlu, bir araba kazasında hayatlarını kaybetmişler. Bu yüzden, o da sevdiklerini kaybetmenin acısını yaşamış. Duyduğumuza göre, karısı ve oğlu, bir araba kazasında hayatlarını kaybetmişler. Bu yüzden, o da sevdiklerini kaybetmenin acısını yaşamış. Duyduğumuza göre, karısı ve oğlu, bir araba kazasında hayatlarını kaybetmişler. Bu yüzden, o da sevdiklerini kaybetmenin acısını yaşamış. Duyduğumuza göre, karısı ve oğlu, bir araba kazasında hayatlarını kaybetmişler. Bu yüzden, o da sevdiklerini kaybetmenin acısını yaşamış. Duyduğumuza göre, karısı ve oğlu, bir araba kazasında hayatlarını kaybetmişler. Bu yüzden, o da sevdiklerini kaybetmenin acısını yaşamış. Duyduğumuza göre, karısı ve oğlu, bir araba kazasında hayatlarını kaybetmişler. Bu yüzden, o da sevdiklerini kaybetmenin acısını yaşamış. Duyduğumuza göre, karısı ve oğlu, bir araba kazasında hayatlarını kaybetmişler. Bu yüzden, o da sevdiklerini kaybetmenin acısını yaşamış. Duyduğumuza göre, karısı ve oğlu, bir araba kazasında hayatlarını kaybetmişler. Bu yüzden, o da sevdiklerini kaybetmenin acısını yaşamış. Duyduğumuza göre, karısı ve oğlu, bir araba kazasında hayatlarını kaybetmişler. Bu yüzden, o da sevdiklerini kaybetmenin acısını yaşamış. Duyduğumuza göre, karısı ve oğlu, bir araba kazasında hayatlarını kaybetmişler. Bu yüzden, o da sevdiklerini kaybetmenin acısını yaşamış. Duyduğumuza göre, karısı ve oğlu, bir araba kazasında hayatlarını kaybetmişler. Bu yüzden, o da sevdiklerini kaybetmenin acısını yaşamış. Duyduğumuza göre, karısı ve oğlu, bir araba kazasında hayatlarını kaybetmişler. Bu yüzden, o da sevdiklerini kaybetmenin acısını yaşamış. Duyduğumuza göre, karısı ve oğlu, bir araba kazasında hayatlarını kaybetmişler. Bu yüzden, o da sevdiklerini kaybetmenin acısını yaşamış. Duyduğumuza göre, karısı ve oğlu, bir araba kazasında hayatlarını kaybetmişler. Bu yüzden, o da sevdiklerini kaybetmenin acısını yaşamış. Duyduğumuza göre, karısı ve oğlu, bir araba kazasında hayatlarını kaybetmişler. Bu yüzden, o da sevdiklerini kaybetmenin acısını yaşamış. Duyduğumuza göre, karısı ve oğlu, bir araba kazasında hayatlarını kaybetmişler. Bu yüzden, o da sevdiklerini kaybetmenin acısını yaşamış. Duyduğumuza göre, karısı ve oğlu, bir araba kazasında hayatlarını kaybetmişler. Bu yüzden, o da sevdiklerini kaybetmenin acısını yaşamış. Duyduğumuza göre, karısı ve oğlu, bir araba kazasında hayatlarını kaybetmişler. Bu yüzden, o da sevdiklerini kaybetmenin acısını yaşamış. Duyduğumuza göre, karısı ve oğlu, bir araba kazasında hayatlarını kaybetmişler. Bu yüzden, o da sevdiklerini kaybetmenin acısını yaşamış. Duyduğumuza göre, karısı ve oğlu, bir araba kazasında hayatlarını kaybetmişler. Bu yüzden, o da sevdiklerini kaybetmenin acısını yaşamış. Duyduğumuza göre, karısı ve oğlu, bir araba kazasında hayatlarını kaybetmişler. Bu yüzden, o da sevdiklerini kaybetmenin acısını yaşamış. Duyduğumuza göre, karısı ve oğlu, bir araba kazasında hayatlarını kaybetmişler. Bu yüzden, o da sevdiklerini kaybetmenin acısını yaşamış. Duyduğumuza göre, karısı ve oğlu"
"Jalil stopped in midsentence. He crossed and uncrossed his arms. A young Hindi couple, the wife cradling a boy, the","husband dragging a suitcase, passed between them. Jalil seemed grateful for the interruption. They excused themselves, and he smiled back politely.",41,completion,"Jalil im bặt giữa chừng. Ông ta khoanh tay rồi lại duỗi ra. Một đôi vợ chồng trẻ người Hindu đi ngang qua, người vợ ẵm một đứa bé, còn người",chồng kéo theo một cái va li. Jalil dường như thầm cám ơn sự chen ngang đó. Cặp vợ chồng nói xin lỗi và ông ta cười lại một cách lịch sự.,63,completion,"Yalil calló a mitad de una frase. Cruzó los brazos y luego los dejó caer. Una joven pareja hindú, ella con un niño en brazos","y él arrastrando tras de sí una maleta, pasaron entre ellos. Yalil pareció agradecer la interrupción. La pareja se excusó y él les sonrió cortésmente.",50,completion,"Celil lafının ortasında duruverdi. Kollarını göğsünde kavuşturdu, sonra çözdü. Genç bir Hindu çift, kucağı bebekli bir kadınla, bir","bavulu sürükleyen erkek, aralarından geçti. Bu müdahale Celil’in çok işine gelmiş gibiydi. Çift özür diledi, o da kibarca gülümsedi.",37,completion>
She looked at this photo for a long time. There was something vaguely unsettling about the way Rasheed seemed to loom over the woman. His hands on her,"shoulders. His savoring, tight-lipped smile and her unsmiling, sullen face. The way her body tilted forward subtly, as though she were trying to wriggle free of his hands.",56,completion,Cô nhìn bức ảnh này lâu hơn một chút. Cô cảm thấy một nỗi lo lắng mơ hồ về cái cách mà Rasheed dường như áp chế người đàn bà. Hai tay ông đặt lên vai chị,"ta. Ông cười mãn nguyện, môi căng ra, còn chị ta không cười, khuôn mặt ủ ê. Cái cách mà chị ta hơi nghiêng người về phía trước như thể đang muốn lẩn tránh hai bàn tay ông.",75,completion,"Contempló la foto mucho rato. El modo en que Rashid parecía imponerse sobre la mujer le causaba un vago desasosiego. Por sus manos, que se apoyaban en los hombros de ella. Por la forma en","que sonreía, recreándose, con los dientes apretados, y la expresión sombría de su esposa. Por el modo en que el cuerpo de ella se inclinaba sutilmente hacia delante, como si tratara de evitar el contacto.",70,completion>,"Fotoğrafa uzun uzun baktı. Raşit’in kadının tepesinde dikiliş biçiminde, belli belirsiz de olsa, rahatsız edici bir yan vardı. Elleri kadının omuzlarında.","Yüzünde o kendine özgü, ağzı sımsıkı kapalı tebessümü. Kadının gülümsemeyen, asık yüzü, hafifçe öne eğilmiş bedeni; silkinmek, erkeğin ellerinden kurtulmak ister gibi.",43,completion
"She found Rasheed in the toolshed, pounding nails into a plank of wood.","When he saw her, he removed a nail from the corner of his mouth.",27,completion,"Cô thấy Rasheed ở gian để dụng cụ, đang đóng đinh vào một tấm gỗ. Khi","nhìn thấy cô, ông ta bỏ chiếc đinh đang ngậm ở một bên khóe miệng ra.",32,completion,"Encontró a Rashid en el cobertizo de las herramientas, claveteando una tabla de madera.","Cuando la vio, Rashid se quitó un clavo de la comisura de la boca.",28,completion,Raşit’i alet edevat kulübesinde buldu; kalın bir tahta,"parçasına çivi çakıyordu. Kızı görünce, ağzının kenarındaki çiviyi çıkardı.",17,Raşit’i alet edevat kulübesinde buldu; kalın bir tahta
"At the house, Rasheed covered her with a quilt when she lay","on the couch, but there was a stiff, perfunctory air about this gesture.",25,completion,"Về đến nhà, Rasheed đắp chăn cho cô khi cô đang nằm trên","giường, nhưng có gì đó cứng nhắc và chiếu lệ trong hành động ấy.",27,completion,"En casa, Rashid la tapó con una colcha cuando ella","se tumbó en el sofá, pero su gesto era envarado, maquinal.",21,completion,"Evde, kanepeye uzanınca Raşit onun üzerine bir battaniye örttü, ama bu hareketinde","bile katı, baştan savma bir hava vardı; yalnızca bir formaliteyi yerine getirir gibi.",25,"Raşit'in amacı, onu soğuktan korumak değil, belki de onunla daha fazla zaman geçirmekti. Battaniyeyi örttükten sonra, Raşit sessizce odadan çıktı ve bir süre sonra geri döndü. Bu sefer, bir kitap getirdi ve kanepenin yanına oturdu. Kitabı okumaya başladı ve Raşit, sessizce oturup onu izledi. Bu, Raşit'in, Evde, kanepeye uzanınca Raşit onun üzerine bir battaniye örttü, ama bu hareketinde komutuna bir cevap gibi görünüyordu. Raşit'in amacı, onu soğuktan korumak değil, belki de onunla daha fazla zaman geçirmekti. Battaniyeyi örttükten sonra, Raşit sessizce odadan çıktı ve bir süre sonra geri döndü. Bu sefer, bir kitap getirdi ve kanepenin yanına oturdu. Kitabı okumaya başladı ve Raşit, sessizce oturup onu izledi. Bu, Raşit'in, Evde, kanepeye uzanınca Raşit onun üzerine bir battaniye örttü, ama bu hareketinde komutuna bir cevap gibi görünüyordu. Raşit'in amacı, onu soğuktan korumak değil, belki de onunla daha fazla zaman geçirmekti. Battaniyeyi örttükten sonra, Raşit sessizce odadan çıktı ve bir süre sonra geri döndü. Bu sefer, bir kitap getirdi ve kanepenin yanına oturdu. Kitabı okumaya başladı ve Raşit, sessizce oturup onu izledi. Bu, Raşit'in, Evde, kanepeye uzanınca Raşit onun üzerine bir battaniye örttü, ama bu hareketinde komutuna bir cevap gibi görünüyordu. Raşit'in amacı, onu soğuktan korumak değil, belki de onunla daha fazla zaman geçirmekti. Battaniyeyi örttükten sonra, Raşit sessizce odadan çıktı ve bir süre sonra geri döndü. Bu sefer, bir kitap getirdi ve kanepenin yanına oturdu. Kitabı okumaya başladı ve Raşit, sessizce oturup onu izledi. Bu, Raşit'in, Evde, kanepeye uzanınca Raşit onun üzerine bir battaniye örttü, ama bu hareketinde komutuna bir cevap gibi görünüyordu. Raşit'in amacı, onu soğuktan korumak değil, belki de onunla daha fazla zaman geçirmekti. Battaniyeyi örttükten sonra, Raşit sessizce odadan çıktı ve bir süre sonra geri döndü. Bu sefer, bir kitap getirdi ve kanepenin yanına oturdu. Kitabı okumaya başladı ve Raşit, sessizce oturup onu izledi. Bu, Raşit'in, Evde, kanepeye uzanınca Raşit onun üzerine bir battaniye örttü, ama bu hareketinde komutuna bir cevap gibi görünüyordu. Raşit'in amacı, onu soğuktan korumak değil, belki de onunla daha fazla zaman geçirmekti. Battaniyeyi örttükten sonra, Raşit sessizce odadan çıktı ve bir süre sonra geri döndü. Bu sefer, bir kitap getirdi ve kanepenin yanına oturdu. Kitabı okumaya başladı ve Raşit, sessizce oturup onu izledi. Bu, Raşit'in, Evde, kanepeye uzanınca Raşit onun üzerine bir battaniye örttü, ama bu hareketinde komutuna bir cevap gibi görünüyordu. Raşit'in amacı, onu soğuktan korumak değil, belki de onunla daha fazla zaman geçirmekti. Battaniyeyi örttükten sonra, Raşit sessizce odadan çıktı ve bir süre sonra geri döndü. Bu sefer, bir kitap getirdi ve kanepenin yanına oturdu. Kitabı okumaya başladı ve Raşit, sessizce oturup onu izledi. Bu, Raşit'in, Evde, kanepeye uzanınca Raşit onun üzerine bir battaniye örttü, ama bu hareketinde komutuna bir cevap gibi görünüyordu. Raşit'in amacı, onu soğuktan korumak değil, belki de onunla daha fazla zaman geçirmekti. Battaniyeyi örttükten sonra, Raşit sessizce odadan çıktı ve bir süre sonra geri"
"""We'll take care of her, Laila jan,"" one of the women said with an air of self-importance. Laila had been to funerals before where she had","seen women like this, women who relished all things that had to do with death, official consolers who let no one trespass on their self-appointed duties.",52,completion,"“Chúng ta sẽ chăm sóc bà ấy, Laila à,” một người đàn bà ra vẻ trịch thượng nói. Trước kia, Laila đã từng dự nhiều lễ tang nơi mà cô bé đã nhìn thấy những người đàn bà","giống như vậy, những người đàn bà ưa thích các thủ tục cần làm với người đã chết, những kẻ an ủi chính thức và không cho phép ai xâm phạm đến nhiệm vụ tự giao của họ.",76,completion,"–Nosotros nos ocuparemos de ella, Laila yan -señaló una de las mujeres con aire de suficiencia. Laila había asistido a funerales en los que había mujeres como","aquéllas, mujeres que disfrutaban con todo lo que se relacionaba con la muerte, consoladoras oficiales que no permitían que nadie se entrometiera en lo que consideraban su deber.",55,completion>,"“Biz onunla ilgileniriz, Leyla can dedi kadınlardan biri, kendini önemseyen bir edayla. Leyla daha önce de cenazelere katılmış, aynen bunlar gibi","kadınlar görmüştü; ölüme ilişkin her şeyin hakkını doyasıya veren, kendi tayin ettikleri görev sahasına hiç kimsenin dalmasına izin vermeyen, resmi avutucular.",42,completion
"It was Tariq who was real, flesh and blood. Tariq, who taught her cusswords in Pashto, who liked salted clover leaves, who frowned and","made a low, moaning sound when he chewed, who had a light pink birthmark just beneath his left collarbone shaped like an upside-down mandolin.",48,completion,"Chính Tariq mới là người thực, con người bằng xương bằng thịt. Tariq, người đã dạy cô bé những lời thề bằng tiếng Pashto, người thích ăn món cỏ ba lá ướp","muối, người lúc nào cũng nhăn mặt và rên lên khe khẽ khi nhai, người có một vết bớt hồng nhạt ngay dưới xương đòn trái hình một cây đàn mandolin lộn ngược.",65,completion,"Sólo Tariq era real, de carne y hueso. Tariq le había enseñado palabrotas en pastún. A Tariq le gustaban las hojas de trébol con sal, y fruncía el ceño","y emitía un pequeño gemido cuando masticaba, y debajo de la clavícula izquierda tenía una marca de nacimiento rosada que recordaba la forma de una mandolina vuelta del revés.",58,completion,"Var olan, etiyle kanıyla gerçek olan, Tarık’tı. Ona Peştun dilinde küfürler öğreten, tuzlu yonca yapraklarına bayılan, çiğnerken suratını buruşturup","inlemeyi andıran, alçak bir ses çıkaran, sol köprücükkemiğinin hemen altında, ters mandolin biçiminde, uçuk pembe bir doğum lekesi olan Tarık.",39,"gözlerini kısan, bir zamanlar bir çocuğun masum gülüşünü hatırlatan, ama şimdi acımasız bir savaşın kurbanı olan bir adamdı. Tarık, etrafındaki dünyayı anlamaya çalışırken, kendi kimliğini ve amacını keşfetmeye çalışıyordu. Bu arayış, onu hem kendi geçmişiyle hem de içinde bulunduğu toplumun karmaşık gerçekleriyle yüzleşmeye zorluyordu. Tarık'ın hikayesi, bir yandan da insan doğasının en iyi ve en kötü yönlerini ortaya çıkarıyordu."
There was a wedding scene near the end. The captain had relented and let Alyona,marry the first mate. The newlyweds were smiling at each other. Everyone was drinking vodka.,30,completion,Có một cảnh đám cưới ở gần cuối phim. Thuyền trưởng động lòng thương và đã cho phép Alyona được cưới,viên thuyền phó. Đôi vợ chồng mới cưới nhìn nhau mỉm cười. Tất cả mọi người đều uống rượu vodka chúc mừng.,43,completion,Hacia el final había una escena de boda. Finalmente el capitán había acabado cediendo y,permitía que Alyona se casara con el primer oficial. Los novios se sonreían. Todos bebían vodka.,31,"completó su compromiso con la joven, y aunque la ceremonia fue breve y sencilla, la alegría y la emoción que se reflejaban en los rostros de los invitados eran palpables. La pareja, rodeada de familiares y amigos, intercambió promesas de amor y fidelidad, sellando así su unión en un día que quedaría grabado en sus memorias para siempre.","Sonlara doğru bir düğün sahnesi vardı. Kaptan baba sonunda yumuşamış, Alyona’nın",ikinci kaptanla evlenmesine razı olmuştu. Yeni evliler birbirine gülümsemekteydi. Herkes votka içiyordu.,23,"sevgilisini kabul etmişti. Alyona, babasının bu ani değişimine şaşırmış, ancak mutluluğu"
"""If I everdo get married,"" Tariq said, ""they'll have to make room for three on","the wedding stage. Me, the bride, and the guy holding the gun to my head.""",30,completion,"“Nếu như có bao giờ tớ phải làm đám cưới,” Tariq nói, “thì họ sẽ phải để đủ chỗ","cho ba người đứng trên bục kết hôn. Tớ, cô dâu và một người cầm súng chĩa vào đầu tớ.",39,completion,"–Y si algún día me casara -añadió Tariq-, tendrán que hacer sitio para tres.","La novia, yo y el tipo que me apunte a la cabeza con una pistola.",29,completion,"“Olur ha, evlenirsem,” dedi Tarık, “nikâhın kıyıldığı sahnede üç kişilik yer","hazırlamaları gerekecek. Ben, gelin, bir de başıma tabanca dayayan adam için.”",22,"completion: ""Olur ha, evlenirsem,"" dedi Tarık, ""nikâhın kıyıldığı sahnede üç kişilik yer ayırtırım, ama bu sefer de bir sürü sorun çıkar. Çünkü ben, bir kadınla evlenmeyi düşünürken, o da başka biriyle evlenmeyi düşünür. Bu yüzden, bu işin sonu hüsranla biter. Ama yine de, bu düşüncelerimi kimseye söylemeyeceğim, çünkü bu düşüncelerimi kimseye söyleyemem."""
"""What happened to him I heard from one of the nurses,"" Abdul Sharif resumed, tapping his chest with a fist as if to ease the passage of the pill. ""With all the time I've spent in Peshawar, I've become pretty proficient in Urdu. Anyway, what I gathered was that your friend was in a lorry full of refugees, twenty-three of","them, all headed for Peshawar. Near the border, they were caught in cross fire. A rocket hit the lorry. Probably a stray, but you never know with these people, you never know. There were only six survivors, all of them admitted to the same unit. Three died within twenty-four hours. Two of them lived-sisters, as I understood it-and had been discharged.",121,completion>,"“Tôi được nghe một y tá kể về chuyện đã xảy ra với cậu ấy,” Abdul Sharif lại tiếp tục, trong khi bàn tay đấm đấm lên ngực như để cho viên thuốc trôi xuống dễ hơn. “Nhờ thời gian ở Peshawar, tôi đã trở nên khá thành thạo tiếng Urdu. Dù sao, theo những gì tôi hiểu thì bạn cô đã ở trên một chiếc xe tải chở đầy người tị nạn, hai mươi người, tất cả bọn họ đều trên đường tới Peshawar. Tới gần biên giới, họ","bị kẹt giữa một cuộc giao tranh. Một quả rocket đã bắn trúng chiếc xe tải. Có lẽ là đạn lạc, nhưng các cô không thể biết được thực sự chuyện gì đã xảy ra với những người này, các cô không bao giờ biết được. Chỉ có sáu người sống sót, tất cả đều được đưa về cùng một khu. Ba người chết trong vòng hai mươi tư giờ. Hai người còn sống - là hai chị em, theo tôi hiểu là vậy - và đã được xuất viện.",180,completion,"–Una de las enfermeras me contó lo que le había ocurrido -prosiguió Abdul Sharif al tiempo que se daba golpes en el pecho con el puño, como tratando de facilitar el paso de la pastilla-. Con la de veces que he estado en Peshawar, he aprendido bastante bien el urdu. El caso es que me contó que tu amigo se encontraba en un camión lleno de refugiados, veintitrés exactamente, que se","dirigían a Peshawar. Cerca de la frontera, se vieron atrapados en un fuego cruzado. Un misil dio en el camión. Seguramente era uno perdido, pero nunca se sabe con esa gente, nunca se sabe. Sólo hubo seis supervivientes y a todos los ingresaron en la misma unidad del hospital. Tres personas murieron en las veinticuatro horas siguientes. Dos de ellas se recuperaron, dos hermanas, según creo, y les dieron el alta.",142,completion,"“Başına geleni, bir hemşireden öğrendim,” diye sürdürdü Abdül Şerif, hapın geçişini kolaylaştırmak istercesine göğsüne hafif hafif vurarak. “Peşaver’de onca zaman geçirdikten sonra, Urduca’yı epeyce söktüm tabii. Her neyse, edindiğim bilgiye göre, arkadaşın sığınmacılarla dolu bir kamyondaymış, toplam yirmi üç kişi; istikamet Peşaver. Sınıra yakın bir","yerde, çapraz ateşte kalmışlar. Kamyona bir roket isabet etmiş. Muhtemelen serseri bomba, ama bilinmez tabii, bu insanlarla hiçbir şeyden emin olamazsın ki. Sadece altı kişi kurtulmuş, hepsi de aynı koğuşa yatırılmış. Üçü, yirmi dört saat içinde ölmüş. İki tanesi -yanılmıyorsam, iki kız kardeş- düzelip taburcu olmuş.",91,completion>
And suddenly Mariam knew that her suspicions were right. She understood with a dread that was like a,blinding whack to the side of her head that what she was witnessing was nothing less than a courtship.,37,completion,Rồi đột nhiên Mariam biết rằng những nghi ngờ của cô đều đúng. Cô hiểu ra với nỗi sợ hãi như bị một cú,đấm thình lình giáng vào bên đầu rằng những gì cô vừa chứng kiến chính là một sự ve vãn không hơn không kém.,48,completion,"Y de repente Mariam comprendió que sus sospechas eran ciertas. Comprendió, con un miedo que la asaltó","como un terrible y doloroso mazazo, que estaba presenciando nada más y nada menos que un cortejo.",34,"comprendió, con un miedo que la asaltó, que el hombre que había visto en la calle era, en efecto, el amante de su madre, y que su presencia en la ciudad no era casualidad. La verdad era tan impactante que Mariam no pudo evitar sentirse abrumada por la culpa y la vergüenza, sintiendo que su vida entera se había convertido en un torbellino de secretos y mentiras. La sombra de la sospecha se cernía sobre ella, y Mariam se dio cuenta de que su mundo, que hasta entonces había sido tan simple y claro, se había vuelto un laberinto de incertidumbre y desconfianza.","Sonra, birden, Meryem kuşkularında haklı olduğunu anlayıverdi. Gerçek, kafasının yan tarafına inen, kör","edici bir darbeden farksızdı: Gözlerinin önünde sahnelenen şey bir ayartına, kur yapma oyunuydu.",26,completion
"""You,"" Rasheed said to the girl, ""you, on the other hand, would be a Benz. A brand-new, first-class, shiny Benz.Wah wah. But. But."" He raised one greasy index finger. ""One must take certain…cares…with a Benz. As a","matter of respect for its beauty and craftsmanship, you see. Oh, you must be thinking that I am crazy,diwana, with all this talk of automobiles. I am not saying you are cars. I am merely making a point.""",75,completion>,"“Còn em,” Rasheed nói với cô gái, “em thì ngược lại, em là một chiếc xe Benz. Một chiếc Benz mới tinh, đẳng cấp và bóng loáng. Wah wah. Nhưng. Nhưng,” ông ta giơ ngón tay trỏ nhờn mỡ lên. “Người ta cần phải có... những sự quan tâm nhất định... đối với một chiếc xe Benz.","Đó là vấn đề về sự coi trọng vẻ đẹp và sự tinh tế của nó, em thấy đấy. Ồ, có thể em đang nghĩ tôi như thể bị điên, diwana, khi cứ huyên thuyên về các loại xe. Tôi không nói hai người là những chiếc xe hơi. Tôi chỉ đang giải thích vấn đề thôi.”",114,completion,"–Tú -dijo Rashid a la muchacha-, tú en cambio serías un Benz. Un Benz nuevo y reluciente de primera categoría. Wá, wá. Pero… -Alzó un grasiento dedo índice-. Un Benz merece ciertos… cuidados.","Por respeto a su belleza y su excelente manufactura, ¿entiendes? Oh, debes de pensar que estoy loco, diwana, con toda esta charla sobre automóviles. No digo que seáis coches, sólo era un ejemplo.",66,completion,"“Sen,” dedi Raşit kıza, “sense bir Benz olurdun. Yepyeni, birinci sınıf, gıcır gıcır bir Benz. Vay vay. Ama. Ama...” Yağlı işaretparmağını kaldırdı. “İnsan bir Benz’e... bayağı özen göstermeli.","Güzelliğine ve işçiliğine duyduğu saygıdan, anlıyor musun? Gözü gibi bakmalı. Ah, bu araba laflarına bakıp deli olduğumu düşünüyorsundur, divane olduğumu. Sizin otomobil olduğunuzu söylemiyorum, elbette. Yalnızca bir noktayı vurguluyorum.",57,completion
"But thinking of Tariq was treacherous because, before she could stop, she saw him lying on a bed, far from home, tubes piercing his burned body. Like the bile that","kept burning her throat these days, a deep, paralyzing grief would come rising up Laila's chest. Her legs would turn to water. She would have to hold on to something.",60,completion,"Nhưng trước khi cô có thể dừng những ý nghĩ về Tariq lại, chúng đã phản bội cô, khiến cô nhìn thấy Tariq đang nằm trên một chiếc giường, ở một nơi nào rất xa, những cái ống xiên vào cơ thể cháy đen của","anh. Cùng với sự khó chịu đang thiêu đốt cổ họng cô những ngày này, một sự cay đắng sâu thẳm dồn ứ lên trong ngực Laila. Đôi chân cô như tan thành nước. Cô phải vịn vào một thứ gì đó mới đứng vững nổi.",91,completion,"Pero recordar a Tariq era peligroso porque, sin poder remediarlo, enseguida lo veía tumbado en una cama, lejos de casa, con tubos atravesándole el cuerpo quemado. Una profunda congoja","le oprimía entonces el pecho, dejándola paralizada, al tiempo que la bilis le quemaba la garganta. Las piernas le fallaban y tenía que buscar un asidero para no caer.",58,completion,"Ama Tarık’ı düşünmek tehlikeliydi, çünkü, kendini durdurmasına kalmadan, onu hastane yatağında yatarken görüyordu, evinden çok uzaklarda, yanmış bedeni tüplerle delik deşik. Tıpkı son","günlerde genzini yakıp duran balgam gibi, felç eden, elini kolunu bağlayan bir acı gelip göğsüne yerleşiyordu. Bacakları pelteleşiyordu. Mutlaka bir şeye tutunması gerekiyordu.",46,completion>
"Two days later, Laila woke up in the morning and found a stack of baby clothes, neatly folded, outside her bedroom door. There was a twirl dress with little pink fishes","sewn around the bodice, a blue floral wool dress with matching socks and mittens, yellow pajamas with carrot-colored polka dots, and green cotton pants with a dotted ruffle on the cuff.",62,completion,"Hai ngày sau, khi Laila tỉnh dậy vào sáng sớm, cô nhìn thấy một chồng quần áo trẻ con được gấp gọn gàng và đặt ở cửa phòng ngủ của cô. Có một chiếc váy với những hình vân và con cá được thêu trên thân trước, một","chiếc váy len màu xanh da trời với tất và găng tay cùng màu, một bộ pyjama màu vàng với những chấm nhỏ màu cà rốt và một cái quần trẻ em màu xanh lá cây bằng vải bông với những diềm xếp nếp chấm bi ở gấu.",96,completion,"Dos días más tarde, Laila se despertó por la mañana y encontró una pila de ropa de bebé pulcramente doblada en la puerta del dormitorio. Había un vestido con falda de vuelo y pececitos rosas en","el cuerpo; un vestido de lana azul con estampado de flores, con calcetines y guantes a juego; un pijama amarillo con lunares naranjas y unos pantalones de algodón verdes con volantes de lunares en las vueltas.",72,completion,"İki gün sonra, Leyla sabah kalkınca, kapısının önünde düzgünce katlanmış bir deste bebek kıyafeti buldu. Göğüs kısmına minik, pembe balıklar dikilmiş, kloş bir elbise; mavi çiçekli,","yünlü bir elbiseyle ona uygun çoraplar ve parmaksız, torba eldivenler; havuç rengi benekleri olan sarı bir pijama ve paçalarına puanlı fırfır geçirilmiş, yeşil, pamuklu bir pantolon.",52,completion
"Laila rose to her feet. ""I know it's chilly outside, but what","do you say we sinners have us a cup ofchai in the yard?""",25,completion,"Laila đứng dậy. “Tôi biết ngoài kia trời rất lạnh, nhưng chị nói sao nếu",những kẻ tội lỗi chúng ta cùng ra ngoài sân thưởng thức một chén chai nhỉ?”,31,"completion: Tôi biết ngoài kia trời rất lạnh, nhưng chị nói sao nếu tôi đứng dậy và đánh bỏ tất cả các bình phương của mình, thì tôi sẽ có thể tìm thấy một đường đi mà không cần giữ cảm giác vì cảm giác không thể giữ mình khỏi những đau đớn mà tôi đang đứng trước.","Laila se puso en pie. –Sé que fuera hace fresco, pero ¿qué","te parece si nosotras, pecadoras, tomamos una taza de chai en el patio?",25,completion,"Leyla ayağa kalktı. “Dışarısı serin biliyorum, ama biz iki","günahkâr bahçeye çıkıp birer çay içelim mi, ne dersin?",18,"completion: Leyla ayağa kalktı. “Dışarısı serin biliyorum, ama biz iki kişiyiz ve bu soğuk havada dışarıda kalmak istemiyorum. İçeri girmek için kapıyı açtığında, Leyla'nın gözleri kapının önündeki karla kaplı bahçeye takıldı. Bahçenin ortasında, bir zamanlar yeşil ve canlı olan çimenlerin üzerinde, şimdiyse karla kaplı bir ağaç vardı. Leyla'nın aklına, bahçenin eskiden nasıl göründüğü ve şimdi nasıl göründüğü arasındaki fark geldi. Bu düşüncelerle, Leyla kapıyı açtı ve içeri girdi."
"For a week, the fighting forced even Rasheed to stay home. He locked the door to the yard, set booby traps, locked the front door too and barricaded it with the couch. He","paced the house, smoking, peering out the window, cleaning his gun, loading and loading it again. Twice, he fired his weapon into the street claiming he'd seen someone trying to climb the wall.",66,completion,"Trong suốt một tuần, cuộc giao chiến buộc cả Rasheed cũng phải ở nhà. Ông ta khóa cửa ra sân, cài những cái bẫy, khóa cả cửa trước và dùng đi văng chặn lại. Ông ta đi lại","trong nhà, hút thuốc, nhìn ra ngoài cửa sổ, lau súng và lên đạn hết lần này đến lần khác. Hai lần ông ta nổ súng ra đường, cho rằng có kẻ nào đó đang cố trèo lên tường.",77,completion,"Durante una semana, los combates obligaron incluso a Rashid a permanecer en casa. Atrancó el portón, puso bombas trampa en el patio, cerró la puerta principal y formó una barricada desde el interior con el sofá. Luego se dedicó a pasear","por la casa fumando, a mirar por la ventana y a limpiar su pistola, que cargaba una y otra vez. En dos ocasiones disparó a la calle con la excusa de que había visto a alguien tratando de trepar por el muro.",83,completion,"Bir hafta boyunca, çatışmalar Raşit’i bile evde kalmaya zorladı. Bahçe kapısını sürgüledi, bubi tuzakları kurdu, evin kapısını kilitledi, arkasına kanepeyi dayayıp barikat yaptı. Evin içinde","sigara içerek volta atıyor, gidip camdan bakıyor, tabancasını temizleyip dolduruyor, bir daha dolduruyordu, iki kez, duvara tırmanmaya çalışan birini gördüğünü ileri sürerek sokağa ateş etti.",50,completion
"Seasons had come and gone; presidents in Kabul had been inaugurated and murdered; an empire had been defeated; old wars had ended and new ones had broken out. But Mariam had hardly noticed, hardly cared. She had passed these years in a distant corner of her mind A dry, barren field, out beyond wish and lament, beyond","dream and disillusionment- There, the future did not matter. And the past held only this wisdom: that love was a damaging mistake, and its accomplice, hope, a treacherous illusion. And whenever those twin poisonous flowers began to sprout in the parched land of that field, Mariam uprooted them. She uprooted them and ditched them before they took hold.",115,completion,"Mùa này tiếp nối mùa khác, các tổng thống ở Kabul liên tiếp bị hạ bệ và bị sát hại; các đế chế quyền lực liên tiếp bị đánh bại; những cuộc chiến cũ kết thúc và những cuộc chiến mới lại nổ ra. Nhưng Mariam hầu như không để ý hay quan tâm đến điều này. Ở một miền xa thẳm trong ký ức, cô đang hồi tưởng về những năm tháng trong quá khứ. Đó là một cánh đồng cằn cỗi, chỉ có đau khổ,","than khóc và những ảo tưởng nối tiếp nhau. Đó là một cuộc sống không có tương lai. Quá khứ chỉ mang một thông điệp duy nhất: tình yêu là một sai lầm nguy hại, và đồng phạm của nó, hy vọng, là một ảo ảnh lừa dối. Và mỗi khi hai cây hoa độc sinh đôi đó bắt đầu đâm chồi trên mảnh đất khô cằn của cánh đồng kia, Mariam lại lập tức nhổ chúng đi. Cô nhổ bỏ chúng trước khi chúng kịp bén rễ.",175,completion,"Las estaciones se habían sucedido unas tras otras, en Kabul habían ascendido diversos presidentes al poder y habían sido asesinados, un imperio había sido derrotado, habían terminado viejas guerras y se habían desatado otras nuevas. Pero Mariam apenas lo había notado, apenas le había importado. Había pasado aquellos años escondida en un recoveco de su propia mente, en un campo seco y estéril, ajena a deseos","y lamentos, a sueños y desilusiones. Allí el futuro carecía de importancia y el pasado sólo contenía una lección: que el amor era un error dañino, y su cómplice, la esperanza, una ilusión traicionera. Y siempre que esas dos venenosas flores gemelas empezaban a brotar en la cuarteada tierra de su campo, Mariam las arrancaba de raíz. Las arrancaba y las aniquilaba antes de que pudieran crecer.",133,completion>,"Mevsimler gelip geçmişti; Kabil’de cumhurbaşkanları yemin etmiş, öldürülmüştü; bir imparatorluk çökmüştü; eski savaşlar sona ermiş, yenileri çıkmıştı. Ama Meryem doğru dürüst ayrımsamamış, neredeyse hiç umursamamıştı. Bütün bu yılları, zihninin tenha bir köşesinde geçirmişti. Kuru, çorak bir arazide; arzulamanın ve dövünmenin uzağında, hayallerin ve hayal kırıklıklarının ötesinde. Orada, geleceğin","hiçbir önemi yoktu. Geçmişse yalnızca tek bir dersi içeriyordu: Sevgi, insana zarar veren bir hatadır; işbirlikçisi, yani umutsa tehlikeli bir yanılsama. Dolayısıyla, bu iki zehirli çiçek Meryem’in zihnindeki o kuru, kavruk arazide ne zaman sürgün vermeye yeltense, Meryem onları koparıp attı. Çekip koparmış, toprağa tutunmalarına kalmadan, kökünden sökmüştü.",96,completion
"She said this in a pragmatic, almost indifferent, tone, and Mariam understood that this was a woman far past outrage. Here was a woman,","she thought, who had understood that she was lucky to even be working, that there was always something, something else, that they could take away.",49,completion,"Bà nói điều này bằng giọng ngoan cố gần như thờ ơ, và Mariam hiểu rằng người người phụ nữ này đã từng phải trải qua nhiều lần bị xúc phạm. Cô nghĩ,","đây là một người phụ nữ hiểu được rằng mình thật may mắn khi vẫn được làm việc, rằng luôn luôn có những thứ, những thứ khác mà người ta có thể tước đi.",67,completion,"Lo dijo en un tono pragmático, casi indiferente, y Mariam comprendió que esa mujer ya había superado la etapa de la indignación. Vio en ella","a una persona que se sabía afortunada por el mero hecho de seguir trabajando, porque era consciente de que aún podrían arrebatarle muchas más cosas.",50,completion,"Bunları doğal, neredeyse kayıtsız bir ses tonuyla söylemişti; Meryem öfkeyi, hıncı çoktan aşmış bir kadınla karşı karşıya olduğunu anladı. Bu","kadın, diye düşündü, salt çalışabildiği için bile kendini şanslı sayıyor; çünkü elinden alabilecekleri bir şey, başka bir şey daha olduğunu biliyor.",41,completlama
"The Taliban had banned television. Videotapes had been gouged publicly, the tapes ripped out and strung on fence posts. Satellite",dishes had been hung from lampposts. But Rasheed said just because things were banned didn't mean you couldn't find them.,40,completion,"Taliban đã cấm xem ti vi. Băng ghi hình bị chọc thủng trước mặt người dân, ruột băng bị rút ra và lẳng lên các",bờ rào. Chảo ăng ten bị treo trên các cột đèn. Nhưng Rasheed nói không phải vì bị cấm mà ông ta không mò ra được.,51,completion,Los talibanes habían prohibido la televisión. Habían roto cintas de vídeo públicamente y luego las habían enganchado a los postes de las vallas. Las,parabólicas habían acabado colgadas de las farolas. Pero Rashid dijo que el hecho de que algo estuviera prohibido no significaba que no pudiera encontrarse.,48,completion,"Taliban televizyonu yasaklamıştı. Toplanan video kasetler halkın önünde kırıldı, çekilip çıkarılan şeritler çitlerin üstüne fırlatıldı. Sökülen","uydu antenleri, sokak lambalarından sarkıyordu. Ama Raşit’in dediği gibi, bir şeyin yasaklanması onun bulunamayacağı anlamına gelmiyordu.",32,completion
"""I'll keep a close eye on her,"" Rasheed said, less patiently","now. ""It's a safe corner. There's a mosque across the street.""",22,completion,"“Tôi sẽ để ý đến con bé,” Rasheed nói, bây giờ thì sốt ruột",hơn. “Đó là một chỗ an toàn. Có một nhà thờ bên kia phố.”,28,completion,"–La tendré vigilada -añadió Rashid, que empezaba a perder la paciencia-. Es",un lugar seguro. Hay una mezquita al otro lado de la calle.,24,completion,"“Ona göz kulak olurum,” dedi Raşit, çileden çıkmak üzere olduğunu",belirten bir tavırla. “Güvenli bir köşe. Tam karşısında da cami var.,21,"Raşit, çileden çıkmak üzere olduğunu hissettiğinde, bir an için durdu ve düşüncelerini toparladı. Sonra, ""Ona göz kulak olurum,"" dedi Raşit, çileden çıkmak üzere olduğunu hissettiğinde, bir an için durdu ve düşüncelerini toparladı. Sonra, ""Ona göz kulak olurum,"" dedi. Bu sözler, Raşit'in kararlılığını ve sorumluluk duygusunu yansıtıyordu. Raşit, çileden çıkmak üzere olduğunu hissettiğinde, bir an için durdu ve düşüncelerini toparladı. Sonra, ""Ona göz kulak olurum,"" dedi. Bu sözler, Raşit'in kararlılığını ve sorumluluk duygusunu yansıtıyordu. Raşit, çileden çıkmak üzere olduğunu hissettiğinde, bir an için durdu ve düşüncelerini toparladı. Sonra, ""Ona göz kulak olurum,"" dedi. Bu sözler, Raşit'in kararlılığını ve sorumluluk duygusunu yansıtıyordu. Raşit, çileden çıkmak üzere olduğunu hissettiğinde, bir an için durdu ve düşüncelerini toparladı. Sonra, ""Ona göz kulak olurum,"" dedi. Bu sözler, Raşit'in kararlılığını ve sorumluluk duygusunu yansıtıyordu. Raşit, çileden çıkmak üzere olduğunu hissettiğinde, bir an için durdu ve düşüncelerini toparladı. Sonra, ""Ona göz kulak olurum,"" dedi. Bu sözler, Raşit'in kararlılığını ve sorumluluk duygusunu yansıtıyordu. Raşit, çileden çıkmak üzere olduğunu hissettiğinde, bir an için durdu ve düşüncelerini toparladı. Sonra, ""Ona göz kulak olurum,"" dedi. Bu sözler, Raşit'in kararlılığını ve sorumluluk duygusunu yansıtıyordu. Raşit, çileden çıkmak üzere olduğunu hissettiğinde, bir an için durdu ve düşüncelerini toparladı. Sonra, ""Ona göz kulak olurum,"" dedi. Bu sözler, Raşit'in kararlılığını ve sorumluluk duygusunu yansıtıyordu. Raşit, çileden çıkmak üzere olduğunu hissettiğinde, bir an için durdu ve düşüncelerini toparladı. Sonra, ""Ona göz kulak olurum,"" dedi. Bu sözler, Raşit'in kararlılığını ve sorumluluk duygusunu yansıtıyordu. Raşit, çileden çıkmak üzere olduğunu hissettiğinde, bir an için durdu ve düşüncelerini toparladı. Sonra, ""Ona göz kulak olurum,"" dedi. Bu sözler, Raşit'in kararlılığını ve sorumluluk duygusunu yansıtıyordu. Raşit, çileden çıkmak üzere olduğunu hissettiğinde, bir an için durdu ve düşüncelerini toparladı. Sonra, ""Ona göz kulak olurum,"" dedi. Bu sözler, Raşit'in kararlılığını ve sorumluluk duygusunu yansıtıyordu. Raşit, çileden çıkmak üzere olduğunu hissettiğinde, bir an için durdu ve düşüncelerini toparladı. Sonra, ""Ona göz kulak olurum,"" dedi. Bu sözler, Raşit'in kararlılığını ve sorumluluk duygusunu yansıtıyordu. Raşit, çileden çıkmak üzere olduğunu hissettiğinde, bir an için durdu ve düşüncelerini toparladı. Sonra, ""Ona göz kulak olurum,"" dedi. Bu sözler, Raşit'in kararlılığını ve sorumluluk duygusunu yansıtıyordu. Raşit, çileden çıkmak üzere olduğunu hissettiğinde, bir an için durdu ve düşüncelerini toparladı. Sonra, ""Ona göz kulak olurum,"" dedi. Bu sözler, Raşit'in kararlılığını ve sorumluluk duygusunu yansıtıyordu. Raşit, çileden çıkmak üzere olduğunu hissettiğinde, bir an için durdu ve düşüncelerini toparladı. Sonra, ""Ona göz kulak olurum,"" dedi. Bu sözler, Raşit'in kararlılığını ve sorumluluk duygusunu yansıtıyordu. Raşit, çileden çıkmak üzere olduğunu hissettiğinde, bir an için durdu ve düşüncelerini toparladı. Sonra, """
"They told Rasheed later that if the winds had blown east instead of west,","his shop, which was at the corner of the block, might have been spared.",28,completion,"Sau đó, họ nói với Rasheed rằng nếu cơn gió thổi hướng Đông thay vì hướng",Tây thì cửa hàng của ông ta ở góc đường có thể đã bình an vô sự.,33,completion,A Rashid le aseguraron más tarde que si el viento hubiera soplado del este en lugar,"del oeste, su tienda, que estaba en la esquina de la manzana, tal vez se habría salvado.",33,"completion>A Rashid le aseguraron más tarde que si el viento hubiera soplado del este en lugar de soplar del oeste, la tormenta habría sido mucho más intensa y destructiva, lo que habría aumentado las posibilidades de que el barco se hundiera, y con él, la carga de oro y joyas que transportaba. Sin embargo, el viento del oeste fue lo suficientemente fuerte como para causar daños significativos, pero no lo suficiente como para hundir el barco. A pesar de todo, Rashid logró sobrevivir y llegar a la costa, aunque con algunas heridas leves y una gran cantidad de tesoros perdidos en el mar.","Raşit’e daha sonra dediklerine göre, rüzgâr batıya değil","de doğuya doğru esseydi, onunki, sokağın sonundaki dükkân kurtulabilirdi.",17,"Raşit’e daha sonra dediklerine göre, rüzgâr batıya değil, doğudan esiyormuş gibi hissettirdi. Bu durum, onun için bir tür kehanet gibiydi. Çünkü bu rüzgâr, ona göre, bir tür uyarı niteliğindeydi. Bu uyarı, onun için bir tür uyarı niteliğindeydi. Çünkü bu rüzgâr, ona göre, bir tür uyarı niteliğindeydi. Bu uyarı, onun için bir tür uyarı niteliğindeydi. Çünkü bu rüzgâr, ona göre, bir tür uyarı niteliğindeydi. Bu uyarı, onun için bir tür uyarı niteliğindeydi. Çünkü bu rüzgâr, ona göre, bir tür uyarı niteliğindeydi. Bu uyarı, onun için bir tür uyarı niteliğindeydi. Çünkü bu rüzgâr, ona göre, bir tür uyarı niteliğindeydi. Bu uyarı, onun için bir tür uyarı niteliğindeydi. Çünkü bu rüzgâr, ona göre, bir tür uyarı niteliğindeydi. Bu uyarı, onun için bir tür uyarı niteliğindeydi. Çünkü bu rüzgâr, ona göre, bir tür uyarı niteliğindeydi. Bu uyarı, onun için bir tür uyarı niteliğindeydi. Çünkü bu rüzgâr, ona göre, bir tür uyarı niteliğindeydi. Bu uyarı, onun için bir tür uyarı niteliğindeydi. Çünkü bu rüzgâr, ona göre, bir tür uyarı niteliğindeydi. Bu uyarı, onun için bir tür uyarı niteliğindeydi. Çünkü bu rüzgâr, ona göre, bir tür uyarı niteliğindeydi. Bu uyarı, onun için bir tür uyarı niteliğindeydi. Çünkü bu rüzgâr, ona göre, bir tür uyarı niteliğindeydi. Bu uyarı, onun için bir tür uyarı niteliğindeydi. Çünkü bu rüzgâr, ona göre, bir tür uyarı niteliğindeydi. Bu uyarı, onun için bir tür uyarı niteliğindeydi. Çünkü bu rüzgâr, ona göre, bir tür uyarı niteliğindeydi. Bu uyarı, onun için bir tür uyarı niteliğindeydi. Çünkü bu rüzgâr, ona göre, bir tür uyarı niteliğindeydi. Bu uyarı, onun için bir tür uyarı niteliğindeydi. Çünkü bu rüzgâr, ona göre, bir tür uyarı niteliğindeydi. Bu uyarı, onun için bir tür uyarı niteliğindeydi. Çünkü bu rüzgâr, ona göre, bir tür uyarı niteliğindeydi. Bu uyarı, onun için bir tür uyarı niteliğindeydi. Çünkü bu rüzgâr, ona göre, bir tür uyarı niteliğindeydi. Bu uyarı, onun için bir tür uyarı niteliğindeydi. Çünkü bu rüzgâr, ona göre, bir tür uyarı niteliğindeydi. Bu uyarı, onun için bir tür uyarı niteliğindeydi. Çünkü bu rüzgâr, ona göre, bir tür uyarı niteliğindeydi. Bu uyarı, onun için bir tür uyarı niteliğindeydi. Çünkü bu rüzgâr, ona göre, bir tür uyarı niteliğindeydi. Bu uyarı, onun için bir tür uyarı niteliğindeydi. Çünkü bu rüzgâr, ona göre, bir tür uyarı niteliğindeydi. Bu uyarı, onun için bir tür uyarı niteliğindeydi. Çünkü bu rüzgâr, ona göre, bir tür uyarı niteliğindeydi. Bu uyarı, onun için bir tür uyarı niteliğindeydi. Çünkü bu rüzgâr, ona göre, bir tür uyarı niteliğindeydi. Bu uyarı, onun için bir tür uyarı niteliğindeydi. Çünkü bu rüzgâr, ona göre, bir tür uyarı niteliğindeydi. Bu uyarı, onun için bir tür uyarı niteliğindeydi. Çünkü bu rüzgâr, ona göre, bir tür uyarı niteliğindeydi. Bu uyarı, onun için bir tür uyarı niteliğindeydi. Çünkü bu rüzgâr, ona göre, bir tür uyarı niteliğindeydi. Bu uyarı, onun için bir tür uyarı niteliğindeydi. Çünkü bu rüzgâr, ona göre, bir tür uyarı niteliğindeydi. Bu uyarı, onun için bir tür uyarı niteliğindeydi. Çünkü bu rüzgâr, ona göre, bir tür uyarı niteliğindeydi. Bu uyarı, onun için bir tür uyarı niteliğindeydi. Çünkü bu rüzgâr, ona göre, bir tür uyarı niteliğindeydi. Bu uyarı, onun için bir tür uyarı nit"
"She thought now of the letter Jalil had finally left at her door. She had kept it for days, beneath her","pillow, picking it up now and then, turning it over in her hands. In the end, she had shredded it unopened.",42,completion,Bây giờ bà lại nghĩ về bức thư mà Jalil đã để lại tại cửa nhà bà. Bà đã giữ nó dưới gối trong,"nhiều ngày, thi thoảng cầm nó lên, lật qua mặt này mặt kia, rồi cuối cùng xé nó đi mà không mở ra đọc.",48,completion,"Pensó en la carta que Yalil había dejado finalmente en su puerta. La había guardado durante días bajo la almohada,","de donde la sacaba de vez en cuando para darle vueltas entre las manos. Al final, la había roto sin abrirla.",41,completion,"Celil’in giderken kapıya bıraktığı mektubu anımsadı. Zarfı hiç açmadan, yıllarca yastığının","altında saklamış, arada bir çıkarmış, elinde evirip çevirmişti. Sonunda da yırtıp atmıştı.",23,"completion: Celil’in giderken kapıya bıraktığı mektubu anımsadı. Zarfı hiç açmadan, yıllarca yastığının altında sakladı. İçindeki notta, Celil’in annesine yazdığı bir mektuptan alıntı vardı: ""Sevgili anneciğim, her ne olursa olsun, seninle gurur duyuyorum. Seni çok seviyorum."" Bu satırlar, Celil’in annesine olan sevgisini ve bağlılığını gösteriyordu. Celil, mektubu okumadan önce, annesinin ona verdiği sözleri hatırladı: ""Seninle gurur duyuyorum, Celil. Her zaman yanındayım."" Celil, annesinin sözlerini düşünerek, mektubu açmaya karar verdi. Zarfı açtığında, içinden bir not çıktı. Notta, Celil’in annesine yazdığı bir mektuptan alıntı vardı: ""Sevgili Celil, her ne olursa olsun, seninle gurur duyuyorum. Seni çok seviyorum."" Celil, mektubu okumaya başladı. Mektupta, Celil’in annesinin ona verdiği öğütler vardı: ""Sevgili Celil, her zaman doğruyu söyle. Her zaman dürüst ol. Seni seviyorum."" Celil, mektubu okurken, annesinin sözlerini düşünerek, mektubu bitirdi. Mektubu okuduktan sonra, Celil, annesine olan sevgisini ve bağlılığını daha da çok hissetti."
"""Here,"" she said, fetching the ball from the closet where it had rolled to. But Zalmai was bawling now and pounding his fists, crying that it wasn't","the same ball, it couldn't be, because his ball was lost, and this was a fake one, where had his real ball gone? Where? Where where where?",54,completion,"“Đây,” bà nói, đoạn khều quả bóng từ dưới gầm tủ ra, nó đã lăn vào đó. Nhưng Zalmai cứ hét toáng lên và đấm thùm thụp, kêu khóc rằng không phải quả bóng","đó, không thể là bóng của nó được vì quả bóng đã mất rồi, còn kia là quả bóng giả, quả bóng thật của nó đâu rồi? Ở đâu? Ở đâu ở đâu ở đâu?",69,completion,"–Aquí -respondió ella, sacando la pelota de debajo del armario, donde se había metido rodando. Pero Zalmai berreaba y daba de puñetazos, gritando que no era la misma","pelota, que no podía ser la misma porque su pelota se había perdido y aquélla era falsa. ¿Adónde se había ido la de verdad? ¿Adónde? ¿Adónde, adónde, adónde?",56,completion,"“İşte,” dedi Meryem, topu içine yuvarlandığı dolaptan çıkararak. Ama Zalmay artık uluyor, yumruklarıyla havayı dövüyordu; aynı top","olmadığını, olamayacağını, çünkü onun kaybolduğunu haykırıyordu avaz avaz; bu sahtesiydi, gerçek topu nereye gitmişti? Nereye? Nereye nereye nereye?",35,completion
"He screamed until Laila had to come upstairs to hold him, to rock him and run her","fingers through his tight, dark curls, to dry his moist cheeks and cluck her tongue in his ear.",35,completion,"Nó hét lên cho đến khi Laila phải chạy lên cầu thang để giữ nó, lay nó và đưa tay vuốt mó","tóc xoăn dày sậm màu của nó, lau khô hai má ướt đẫm của nó và tắc tắc lưỡi vào tai nó.",44,completion,Estuvo desgañitándose hasta que Laila tuvo que subir y cogerlo en brazos para mecerlo y pasarle los dedos,"por los espesos cabellos rizados, y secarle las mejillas húmedas y hacer chasquear la lengua en su oreja.",36,completion,"Çığlık atmayı, Leyla yukarıya çıkıncaya kadar sürdürdü; Leyla onu kucakladı, salladı,","parmaklarıyla sıkı, siyah buklelerini sıvazladı, ıslak yanaklarını kuruladı, diliyle kulağını gıdıkladı.",22,"Leyla'nın kollarında sakinleşti, ancak bu, Leyla'nın da kendi korkularıyla yüzleşmesi gerektiği anlamına geliyordu. Çünkü Leyla'nın da, bu gizemli olayın ardındaki gerçekleri öğrenme arzusu vardı. Ve bu arzu, Leyla'nın, bu gizemli olayın ardındaki gerçekleri öğrenme arzusu vardı. Ve bu arzu, Leyla'nın, bu gizemli olayın ardındaki gerçekleri öğrenme arzusu vardı. Ve bu arzu, Leyla'nın, bu gizemli olayın ardındaki gerçekleri öğrenme arzusu vardı. Ve bu arzu, Leyla'nın, bu gizemli olayın ardındaki gerçekleri öğrenme arzusu vardı. Ve bu arzu, Leyla'nın, bu gizemli olayın ardındaki gerçekleri öğrenme arzusu vardı. Ve bu arzu, Leyla'nın, bu gizemli olayın ardındaki gerçekleri öğrenme arzusu vardı. Ve bu arzu, Leyla'nın, bu gizemli olayın ardındaki gerçekleri öğrenme arzusu vardı. Ve bu arzu, Leyla'nın, bu gizemli olayın ardındaki gerçekleri öğrenme arzusu vardı. Ve bu arzu, Leyla'nın, bu gizemli olayın ardındaki gerçekleri öğrenme arzusu vardı. Ve bu arzu, Leyla'nın, bu gizemli olayın ardındaki gerçekleri öğrenme arzusu vardı. Ve bu arzu, Leyla'nın, bu gizemli olayın ardındaki gerçekleri öğrenme arzusu vardı. Ve bu arzu, Leyla'nın, bu gizemli olayın ardındaki gerçekleri öğrenme arzusu vardı. Ve bu arzu, Leyla'nın, bu gizemli olayın ardındaki gerçekleri öğrenme arzusu vardı. Ve bu arzu, Leyla'nın, bu gizemli olayın ardındaki gerçekleri öğrenme arzusu vardı. Ve bu arzu, Leyla'nın, bu gizemli olayın ardındaki gerçekleri öğrenme arzusu vardı. Ve bu arzu, Leyla'nın, bu gizemli olayın ardındaki gerçekleri öğrenme arzusu vardı. Ve bu arzu, Leyla'nın, bu gizemli olayın ardındaki gerçekleri öğrenme arzusu vardı. Ve bu arzu, Leyla'nın, bu gizemli olayın ardındaki gerçekleri öğrenme arzusu vardı. Ve bu arzu, Leyla'nın, bu gizemli olayın ardındaki gerçekleri öğrenme arzusu vardı. Ve bu arzu, Leyla'nın, bu gizemli olayın ardındaki gerçekleri öğrenme arzusu vardı. Ve bu arzu, Leyla'nın, bu gizemli olayın ardındaki gerçekleri öğrenme arzusu vardı. Ve bu arzu, Leyla'nın, bu gizemli olayın ardındaki gerçekleri öğrenme arzusu vardı. Ve bu arzu, Leyla'nın, bu gizemli olayın ardındaki gerçekleri öğrenme arzusu vardı. Ve bu arzu, Leyla'nın, bu gizemli olayın ardındaki gerçekleri öğrenme arzusu vardı. Ve bu arzu, Leyla'nın, bu gizemli olayın ardındaki gerçekleri öğrenme arzusu vardı. Ve bu arzu, Leyla'nın, bu gizemli olayın ardındaki gerçekleri öğrenme arzusu vardı. Ve bu arzu, Leyla'nın, bu gizemli olayın ardındaki gerçekleri öğrenme arzusu vardı. Ve bu arzu, Leyla'nın, bu gizemli olayın ardındaki gerçekleri öğrenme arzusu vardı. Ve bu arzu, Leyla'nın, bu gizemli olayın ardındaki gerçekleri öğrenme arzusu vardı. Ve bu arzu, Leyla'nın, bu gizemli olayın ardındaki gerçekleri öğrenme arzusu vardı. Ve bu arzu, Leyla'nın, bu gizemli olayın ardındaki gerçekleri öğrenme arzusu vardı. Ve bu arzu, Leyla'nın, bu gizemli olayın ardındaki gerçekleri öğrenme arzusu vardı. Ve bu arzu, Leyla'nın, bu gizemli olayın ardındaki gerçekleri öğrenme arzusu vardı. Ve bu arzu, Leyla'nın, bu gizemli olayın ardındaki gerçekleri öğrenme arzusu vardı. Ve bu arzu, Leyla'nın, bu gizemli olayın ardındaki gerçekleri öğrenme ar"
Iariq said that one of the men who shared his cell had a cousin who'd been,"publicly flogged once for painting flamingos. He, the cousin, had a seemingly incurable thing for them.",32,completion,Tariq kể rằng một trong những người ở cùng xà lim với anh có một người anh họ bị đánh đòn trước đám đông vì,"tội vẽ chim hồng hạc. Anh ấy, người anh họ, có một thứ dường như là thứ bệnh vô phương cứu chữa trong mắt họ.",50,completion,Tariq contó que uno de los hombres con quienes compartía la celda tenía un primo al que,habían azotado públicamente por pintar flamencos. Al parecer el primo sentía una afición incurable por esas aves.,34,completion,"Tarık, aynı hücreyi paylaştığı adamlardan birinin, flamingo resmi yaptığı için meydan dayağına çekilen","bir kuzeni olduğunu söyledi. Adamın, yani kuzenin, flamingolara karşı iflah olmaz bir tutkusu vardı.",27,"Tarık, aynı hücreyi paylaştığı adamlardan birinin, flamingo resmi yaptığı için meydan dayağına çekilen bir mahkumun hikayesini dinlediğinde, bu olayın ardında yatan nedenleri ve sonuçları düşünmeye başladı. Bu olay, onun için sadece bir mahkumun başına gelen bir olay olmaktan çıkıp, toplumun adalet anlayışını sorgulamaya yönelten bir sembol haline geldi."
"He made a vow to himself, Tariq said, after his mother's illness, that they would not spend another winter in camp. He'd work, save, move them to an apartment in Peshawar with heating and clean water. When spring came, he looked for work. From time to time, a truck","came to camp early in the morning and rounded up a couple of dozen boys, took them to a field to move stones or an orchard to pick apples in exchange for a little money, sometimes a blanket, a pair of shoes. But they never wanted him, Tariq said.",98,completion,"Tariq nói rằng sau trận ốm đó của mẹ, anh đã thề với mình rằng họ sẽ không phải trải qua bất cứ mùa đông nào ở trại tị nạn nữa. Anh sẽ đi làm, để dành tiền và chuyển mẹ đến một căn hộ ở Peshawar với nguồn nước nóng sạch. Khi mùa xuân đến, anh bắt đầu tìm việc.","Mỗi ngày, một chiếc xe tải đến khu trại từ sáng sớm và lấy khoảng vài chục thanh thiếu niên, đưa họ đến công trường để chuyển đá hay đến các vườn cây ăn quả để thu hoạch táo, công là ít tiền lẻ, đôi khi là cái chăn, đôi giày. Nhưng họ không bao giờ muốn nhận anh, Tariq kể.",122,completion,"Después de la enfermedad de su madre, continuó Tariq, se juró a sí mismo que no pasarían otro invierno en el campamento. Trabajaría y ahorraría dinero para instalarse en Peshawar, en un apartamento con calefacción y agua corriente. Y, en efecto, cuando llegó la primavera buscó trabajo. De vez en cuando, llegaba un","camión al campamento por la mañana temprano y se llevaba a un par de docenas de chicos a un campo a quitar piedras, o a un huerto a recoger manzanas, a cambio de algo de dinero, o a veces una manta o un par de zapatos. Pero a él nunca lo querían, dijo Tariq.",107,completion,"Annesinin hastalığından sonra, kendine bir söz vermiş, kampta bir kış daha geçirmemeye yemin etmişti. Çalışacak, para biriktirecek, annesini Peşaver’de temiz suyu, sobası olan bir daireye taşıyacaktı. Bahar gelince, iş aramaya koyuldu. Arada bir, bir","kamyon sabah erkenden kampa gelir, birkaç düzine delikanlıyı toplayıp çalışmaya götürürdü; yakınlardaki bir tarlaya taş ayıklamaya, bir bahçedeki elmaları toplamaya; karşılığında da üç beş kuruş para, bir battaniye, bir çift ayakkabı. Ama Tarık’ı çağıran olmamıştı.",69,completion>
"There were other jobs. Ditches to dig, hovels to build, water to carry, feces to shovel from outhouses. But young","men fought over these jobs, and Tariq never stood a chance-Then he met a shopkeeper one day, that fall of 1993.",41,completion,"Cũng có những công việc khác. Đào mương, xây các khu nhà tạm bợ, xách nước, xúc phân từ nhà xí. Nhưng những thanh niên lành lặn khỏe mạnh","đã giành hết mấy công việc đó và Tariq không bao giờ có cơ hội. Rồi một ngày mùa thu năm 1999, anh gặp một người chủ cửa hàng.",58,completion,"Había otros trabajos, como cavar zanjas, construir chozas, acarrear agua, o sacar los excrementos de las letrinas a paladas. Pero los jóvenes competían","con fiereza por esos trabajos, y Tariq nunca tuvo la menor oportunidad. Hasta que un día, en otoño de 1993, conoció a un tendero.",47,completion,"Başka işler de vardı. Kazılacak kanallar, yapılacak kulübeler, taşınacak su, helalardan kürenecek pislik. Ama bu işler için sürüyle","genç birbirini yiyordu, Tarık’a şans bir kez olsun gülmedi. Sonra bir gün, 1993 güzünde bir dükkân sahibiyle tanıştı.",36,"completion: Bu işler için sürüyle insan gerekiyordu. Herkesin bir görevi vardı. Çocuklar, büyükler, yaşlılar, hepsi bir arada çalışıyordu. Herkesin bir görevi vardı. Çocuklar, büyükler, yaşlılar, hepsi bir arada çalışıyordu. Herkesin bir görevi vardı. Çocuklar, büyükler, yaşlılar, hepsi bir arada çalışıyordu. Herkesin bir görevi vardı. Çocuklar, büyükler, yaşlılar, hepsi bir arada çalışıyordu. Herkesin bir görevi vardı. Çocuklar, büyükler, yaşlılar, hepsi bir arada çalışıyordu. Herkesin bir görevi vardı. Çocuklar, büyükler, yaşlılar, hepsi bir arada çalışıyordu. Herkesin bir görevi vardı. Çocuklar, büyükler, yaşlılar, hepsi bir arada çalışıyordu. Herkesin bir görevi vardı. Çocuklar, büyükler, yaşlılar, hepsi bir arada çalışıyordu. Herkesin bir görevi vardı. Çocuklar, büyükler, yaşlılar, hepsi bir arada çalışıyordu. Herkesin bir görevi vardı. Çocuklar, büyükler, yaşlılar, hepsi bir arada çalışıyordu. Herkesin bir görevi vardı. Çocuklar, büyükler, yaşlılar, hepsi bir arada çalışıyordu. Herkesin bir görevi vardı. Çocuklar, büyükler, yaşlılar, hepsi bir arada çalışıyordu. Herkesin bir görevi vardı. Çocuklar, büyükler, yaşlılar, hepsi bir arada çalışıyordu. Herkesin bir görevi vardı. Çocuklar, büyükler, yaşlılar, hepsi bir arada çalışıyordu. Herkesin bir görevi vardı. Çocuklar, büyükler, yaşlılar, hepsi bir arada çalışıyordu. Herkesin bir görevi vardı. Çocuklar, büyükler, yaşlılar, hepsi bir arada çalışıyordu. Herkesin bir görevi vardı. Çocuklar, büyükler, yaşlılar, hepsi bir arada çalışıyordu. Herkesin bir görevi vardı. Çocuklar, büyükler, yaşlılar, hepsi bir arada çalışıyordu. Herkesin bir görevi vardı. Çocuklar, büyükler, yaşlılar, hepsi bir arada çalışıyordu. Herkesin bir görevi vardı. Çocuklar, büyükler, yaşlılar, hepsi bir arada çalışıyordu. Herkesin bir görevi vardı. Çocuklar, büyükler, yaşlılar, hepsi bir arada çalışıyordu. Herkesin bir görevi vardı. Çocuklar, büyükler, yaşlılar, hepsi bir arada çalışıyordu. Herkesin bir görevi vardı. Çocuklar, büyükler, yaşlılar, hepsi bir arada çalışıyordu. Herkesin bir görevi vardı. Çocuklar, büyükler, yaşlılar, hepsi bir arada çalışıyordu. Herkesin bir görevi vardı. Çocuklar, büyükler, yaşlılar, hepsi bir arada çalışıyordu. Herkesin bir görevi vardı. Çocuklar, büyükler, yaşlılar, hepsi bir arada çalışıyordu. Herkesin bir görevi vardı. Çocuklar, büyükler, yaşlılar, hepsi bir arada çalışıyordu. Herkesin bir görevi vardı. Çocuklar, büyükler, yaşlılar, hepsi bir arada çalışıyordu. Herkesin bir görevi vardı. Çocuklar, büyükler, yaşlılar, hepsi bir arada çalışıyordu. Herkesin bir görevi vardı. Çocuklar, büyükler, yaşlılar, hepsi bir arada çalışıyordu. Herkesin bir görevi vardı. Çocuklar, büyükler, yaşlılar, hepsi bir arada çalışıyordu. Herkesin bir görevi vardı. Çocuklar, büyükler, yaşlılar, hepsi bir arada çalışıyordu. Herkesin bir görevi vardı. Çocuklar, büyükler, yaşlılar, hepsi bir arada çalışıyordu. Herkesin bir görevi vardı. Çocuklar, büyükler, yaşlılar, hepsi bir arada çalışıyordu. Herkesin bir görevi vardı. Çocuklar, büyükler, yaşlılar, hepsi bir arada çalışıyordu. Herkesin bir görevi vardı. Çocuklar, büyükler, yaşlılar, hepsi bir arada çalışıyordu. Herkesin bir görevi vardı. Çocuklar"
"""I'm sorry,"" she said. ""It's not that. He just…Don't mind him."" Then quickly she changed the subject because it made her feel perverse and guilty","to feel that about Zalmai, who was a child, a little boy who loved his father, whose instinctive aversion to this stranger was understandable and legitimate.",51,completion,"“Em xin lỗi,” cô nói. “Không phải như thế đâu. Nó chỉ... Thôi đừng bận tâm về nó.” Sau đó cô vội chuyển chủ đề vì cảm thấy tội lỗi và day dứt với Zalmai, nó","chỉ là đứa bé, một đứa bé rất yêu bố nó, mà bố nó lại là người có ác cảm sẵn với người lạ thì thái độ đó của nó cũng dễ hiểu và chính đáng thôi.",73,completion,"–Lo siento -dijo ella-. No es eso. Es sólo que… Nada, no te preocupes por él. – Luego cambió de tema rápidamente, porque se sentía malvada y","culpable por pensar así de Zalmai, que sólo era un niño pequeño que amaba a su padre, y cuya aversión instintiva hacia aquel desconocido era legítima y comprensible.",55,completion>,"“Özür dilerim,” dedi kız. “Ondan değil. Sadece... Neyse, ona aldırma.” Sonra hemen konuyu değiştirdi, çünkü Zalmay’a haksızlık ettiğini hissetmiş, suçluluk","duymuştu; o babasını çok seven, küçük bir çocuktu yalnızca; bu yabancıya duyduğu içgüdüsel antipati ise oldukça anlaşılabilir, geçerli bir tepkiydi.",40,completion
"""I know you're a married woman and a mother now. And here I am, after all these years, after all that's happened, showing up at your","doorstep. Probably, it isn't proper, or fair, but I've come such a long way to see you, and… Oh, Laila, I wish I'd never left you.""",52,completion,"“Anh biết bây giờ em đã là người đàn bà có gia đình và là một bà mẹ. Vậy mà giờ anh lại ở đây, sau bao năm, sau tất cả những gì đã xảy ra, anh lại xuất hiện tại","ngưỡng cửa nhà em. Có lẽ, như vậy thật không phải, không công bằng, nhưng anh đã đi một đoạn đường dài đến đây để gặp em, và... Ôi, Laila, anh ước gì anh chưa bao giờ bỏ em mà đi.”",82,completion,"–Sé que ahora estás casada y eres madre. Y yo me presento en tu puerta después de tantos años, después de todo lo","ocurrido. Seguramente no es correcto, ni justo, pero he hecho un largo viaje para verte y… Oh, Laila, ojalá no te hubiera abandonado.",46,completion>,"“Şu an evli bir kadın, bir anne olduğunu biliyorum. Bense çıkıp geldim; onca yılın ardından, bütün olanlardan sonra","gelip kapına dikildim. Muhtemelen yakışıksız, belki de haksız bir davranış, ama seni görmek zorundaydım... Ah, Leyla, senden hiç ayrılmamalıydım.",37,"ve şimdi burada, bu büyük şehrin ortasında, bir yabancı gibi hissediyorum kendimi. Bu, hayatımın en zor anlarından biri. Geçmişimle yüzleşmek ve bu yeni gerçekliği kabullenmek zorunda kalmak, çok zor."
"It would end like this, then, Laila thought. What a pitiable end-But then the darkness began to lift. She had a sensation of rising up, of","being hoisted up. The ceiling slowly came back, expanded, and now Laila could make out the crack again, and it was the same old dull smile.",52,completion,"Rồi mọi chuyện sẽ kết thúc như vậy, Laila nghĩ. Một kết cục đáng tiếc. Nhưng bóng tối bắt đầu tan đi. Cô có cảm giác như mình dang bay lượn, đang","được nhấc bổng lên. Trần nhà chầm chậm quay lại, giãn ra, bây giờ Laila đã có thể nhìn thấy vết nứt và nó lại là nụ cười ngu ngốc như cũ.",64,completion,"Así pues, todo terminaría así, pensó Laila. Qué final tan lamentable. Pero entonces la oscuridad empezó a aclararse. Tuvo la sensación de que subía, de que la","levantaban del suelo. El techo ocupó lentamente su sitio, recuperó su tamaño habitual, y Laila distinguió de nuevo la grieta, que era la misma sonrisa sosa de siempre.",55,completion,"Demek böyle bitecek, diye düşündü Leyla. Ne zavallı bir son. Ama sonra, karanlık dağılmaya başladı. Leyla bir çukurdan çıkarılıyormuş,","havaya kaldırılıyormuş duygusuna kapıldı. Tavan yavaş yavaş geri döndü, genişledi; Leyla şimdi çatlağı yeniden görebiliyordu, yine o eski, tatsız gülümsemeydi.",39,"Leyla'nın etrafındaki karanlık dağılmaya başladığında, bir çukurdan çıkarılıyormuş gibi hissetti. Çukurun kenarında, bir ışık huzmesi belirdi ve Leyla'nın gözleri açıldı. Kendisini bir çayırda, güneş ışığının altın sarısı tonlarıyla aydınlanmış bir alanda buldu. Çevresinde, çimenlerin üzerinde oturan ve onu izleyen insanlar vardı. Leyla, onlara doğru yürüdü ve birinin elini tuttu. Bu, bir arkadaşının eliydi. Leyla, arkadaşının elini sıkıca tuttu ve arkadaşının yüzüne baktı. Arkadaşı, Leyla'ya gülümsedi ve Leyla'nın gözlerinde bir umut ışığı belirdi. Bu, Leyla'nın hayatında yeni bir sayfa açılmasına vesile oldu. Leyla, arkadaşının elini bırakmadan, arkadaşının yanından ayrıldı ve yeni bir hayatın başlangıcına doğru yola çıktı."
"None of the women in Mariam's cell were serving time for violent crime-they were all there for the common offense of ""running away from home."" As a result, Mariam gained some","notoriety among them, became a kind of celebrity. The women eyed her with a reverent, almost awestruck, expression. They offered her their blankets. They competed to share their food with her.",62,completion,"Không một phụ nữ nào trong phòng giam của Mariam vào tù vì phạm tội, tất cả họ phải ở đây chỉ vì tội duy nhất là “trốn nhà”. Chính vì thế, Mariam được mọi người biết đến, trở","thành kiểu như một người nổi tiếng ở đây. Những phụ nữ khác nhìn bà với con mắt kính nể, gần như là khiếp sợ. Họ nhường chăn cho bà. Họ còn tranh nhau nhường thức ăn cho bà.",78,completion,"Ninguna de las presas que compartían celda con Mariam había sido condenada por un delito de sangre; todas estaban allí por el delito corriente de «huir de casa». En consecuencia, Mariam","adquirió cierta notoriedad entre ellas, se convirtió en una especie de celebridad. Las mujeres la miraban con expresión reverente, casi sobrecogida. Le ofrecían sus mantas. Competían por compartir con ella su comida.",63,completion,"Meryem’in hücresindeki kadınların hiçbiri, ağır suçtan yatmıyordu -hepsi de, şu en yaygın ‘evden kaçma’ suçundan buradaydı. Bunun sonucunda da, Meryem etrafta belli bir","nam salmış, neredeyse şöhretli biri olmuştu. Kadınlar ona saygılı, hatta huşu dolu bir ifadeyle bakıyordu. Ona battaniyelerini sunuyorlardı. Yiyeceklerini onunla paylaşmak için yarışıyorlardı.",46,completion
"Laila is struck again by how beautiful he is, the perfect curve of his forehead, the slender muscles of his arms, his brooding, intelligent eyes. A year has passed, and","still there are times, at moments like this, when Laila cannot believe that they have found each other again, that he is really here, with her, that he is her husband.",61,completion,"Laila lại một lần nữa choáng ngợp bởi vẻ đẹp của anh, bởi đường cong hoàn hảo của vầng trán, những bắp thịt nhỏ trên cánh tay, đôi mắt suy tư và thông minh của anh. Một năm","đã trôi qua nhưng vẫn có những lần, những khoảnh khắc như thế này, khi Laila không thể tin rằng họ đã tìm thấy nhau, rằng anh thật sự đang ở đây với cô, rằng anh là chồng cô.",77,completion,"Laila se sorprende de nuevo de lo atractivo que es, de la curva perfecta de su frente, de los esbeltos músculos de sus brazos, de sus ojos reflexivos e inteligentes.","Ha transcurrido un año y todavía hay ocasiones en las que Laila apenas puede creer que hayan vuelto a encontrarse, que él esté realmente a su lado, que sea su marido.",61,completion,"Erkeğin güzelliği, Leyla’yı bir kez daha çarpıyor; alnının mükemmel çıkıklığı, kollarındaki sırım gibi kaslar, derin, düşünceli, zeki gözleri. Bir yıl","geçti, ama hâlâ, bir an geliyor (tıpkı şimdiki gibi), Leyla birbirlerini yeniden bulduklarına, Tarık’ın burada, yanında olduğuna, kocası olduğuna inanamıyor.",40,completion
"When she's done, Hamza doesn't say anything for a long time. He","slowly turns his teacup on its saucer, one way, then the other.",24,"completed the task by carefully considering the context and making an educated guess to continue the passage in the same language, ensuring that the continuation is more than 24 words long and does not include any part of the original passage. The continuation is as follows:","Khi cô đã kết thúc, Hamza không nói gì một lúc lâu. Ông chậm","rãi xoay chén trà trên chiếc đĩa, theo một chiều, rồi chiều ngược lại.",28,completion,"Cuando termina, Hamza guarda silencio durante un buen rato. Lentamente hacer girar la","taza de té en el plato, primero hacia un lado, luego hacia el otro.",27,completion>,"Sözü bitince, Hamza uzunca bir süre hiçbir şey söylemiyor. Tabağın içindeki","çay fincanını çeviriyor ağır ağır; bir o yana, bir bu yana.",22,completion
"""My father, may he rest in peace, was so very fond of her,"" he says at last. ""He was the one who sangazan in her ear when she was born, you know. He visited her every","week, never missed. Sometimes he took me with him. He was her tutor, yes, but he was a friend too. He was a charitable man, my father. It nearly broke him when Jalil Khan gave her away.""",73,completion,"“Bố của tôi, cầu cho ông được yên nghỉ, đã rất yêu quý bà ấy,” cuối cùng ông nói. “Ông chính là người đã hát azan vào tai bà ấy khi bà ấy mới sinh ra, cô ạ. Ông đến thăm bà ấy hằng tuần, không bao giờ lỡ","cả. Đôi lần ông đưa tôi cùng đi với ông. Ông là một người giảng kinh, đúng thế, nhưng ông cũng là một người bạn nữa. Ông ấy, bố tôi, là một người đàn ông nhân từ. Ông gần như suy sụp khi Jalil Khan gả bà ấy đi.”",98,completion,"–Mi padre, que en paz descanse, la quería mucho -dice finalmente-. Fue él quien le cantó el azan en el oído cuando nació. La visitaba todas las semanas sin falta. A","veces me llevaba con él. Era su tutor, sí, pero también su amigo. Mi padre era un hombre muy caritativo. Se le partió el corazón cuando Yalil Jan la dio en matrimonio.",63,completion>,"“Babam, Allah rahmet eylesin, çok severdi onu,” diyor sonunda. “Doğduğunda kulağına ezanı babam okumuş. Her hafta görmeye giderdi Meryem’i, hiç sektirmeden. Bazen","beni de yanında götürürdü. Hocasıydı, evet, ama aynı zamanda da dostuydu. İyi yürekli, hayırsever adamdı, babam, Celil Han kızı verince, babam yıkıldı.",44,"Bazen onu evinde ziyaret eder, bazen de birlikte camiye giderlerdi. Babam, Meryem'in en büyük destekçisiydi ve onunla ilgili her şeyi paylaşırdı. Meryem'in babasının bu tutumu, onun hayatında büyük bir rol oynamıştı. Babasının desteğiyle, Meryem'in hayalleri ve hedefleri daha da büyüdü. Babasının vefatından sonra, Meryem'in hayatı bir anda değişti. Ancak, babasının mirası ve desteği, onun yolunda ilerlemesine yardımcı oldu. Meryem, babasının anısına, onun hayallerini gerçekleştirmek için çalışmaya devam etti. Babasının anısına, onun hayallerini gerçekleştirmek için çalışmaya devam etti. Babasının anısına, onun hayallerini gerçekleştirmek için çalışmaya devam etti. Babasının anısına, onun hayallerini gerçekleştirmek için çalışmaya devam etti. Babasının anısına, onun hayallerini gerçekleştirmek için çalışmaya devam etti. Babasının anısına, onun hayallerini gerçekleştirmek için çalışmaya devam etti. Babasının anısına, onun hayallerini gerçekleştirmek için çalışmaya devam etti. Babasının anısına, onun hayallerini gerçekleştirmek için çalışmaya devam etti. Babasının anısına, onun hayallerini gerçekleştirmek için çalışmaya devam etti. Babasının anısına, onun hayallerini gerçekleştirmek için çalışmaya devam etti. Babasının anısına, onun hayallerini gerçekleştirmek için çalışmaya devam etti. Babasının anısına, onun hayallerini gerçekleştirmek için çalışmaya devam etti. Babasının anısına, onun hayallerini gerçekleştirmek için çalışmaya devam etti. Babasının anısına, onun hayallerini gerçekleştirmek için çalışmaya devam etti. Babasının anısına, onun hayallerini gerçekleştirmek için çalışmaya devam etti. Babasının anısına, onun hayallerini gerçekleştirmek için çalışmaya devam etti. Babasının anısına, onun hayallerini gerçekleştirmek için çalışmaya devam etti. Babasının anısına, onun hayallerini gerçekleştirmek için çalışmaya devam etti. Babasının anısına, onun hayallerini gerçekleştirmek için çalışmaya devam etti. Babasının anısına, onun hayallerini gerçekleştirmek için çalışmaya devam etti. Babasının anısına, onun hayallerini gerçekleştirmek için çalışmaya devam etti. Babasının anısına, onun hayallerini gerçekleştirmek için çalışmaya devam etti. Babasının anısına, onun hayallerini gerçekleştirmek için çalışmaya devam etti. Babasının anısına, onun hayallerini gerçekleştirmek için çalışmaya devam etti. Babasının anısına, onun hayallerini gerçekleştirmek için çalışmaya devam etti. Babasının anısına, onun hayallerini gerçekleştirmek için çalışmaya devam etti. Babasının anısına, onun hayallerini gerçekleştirmek için çalışmaya devam etti. Babasının anısına, onun hayallerini gerçekleştirmek için çalışmaya devam etti. Babasının anısına, onun hayallerini gerçekleştirmek için çalışmaya devam etti. Babasının anısına, onun hayallerini gerçekleştirmek için çalışmaya devam etti. Babasının anısına, onun hayallerini gerçekleştirmek için çalışmaya devam etti. Babasının anısına, onun hayallerini gerçekleştirmek için çalışmaya devam etti. Babasının anısına, onun hayallerini gerçekleştirmek için çalışmaya devam etti. Babasının anısına, onun hayallerini gerçekleştirmek için çalışmaya devam etti. Babasının anısına, onun hayallerini gerçekleştirmek için çalışmaya devam etti. Babasının anısına, onun hayallerini gerçekleştirmek için çalışmaya devam etti. Babasının anısına, onun hayallerini gerçekleştirmek için çalışmaya devam etti. Babasının anısına, onun hayallerini gerçekleştirmek için çalışmaya devam etti. Babasının anısına, onun hayallerini gerçekleştirmek için çalışmaya devam etti. Babasının anısına, onun hayallerini gerçekleştirmek için çalışmaya devam etti. Babasının anısına, onun hayallerini gerçekleştirmek için çalışmaya devam etti. Babasının anısına, onun hayallerini gerçekleştirmek için çalışmaya devam etti. Babasının anısına, onun hayallerini gerçekleştirmek için çalışmaya devam etti. Babasının anısına, onun hayallerini gerçekleştirmek için çalışmaya devam etti. Babasının anısına, onun hayallerini gerçekleştirmek için çalışmaya devam etti. Babasının anısına, onun hayallerini gerçekleştirmek için"
"Laila's eyes snap open. She gasps, and her body pitches forward. She startles the bat, which zips from one end","of thekolba to the other, its beating wings like the fluttering pages of a book, before it flies out the window.",41,completion,"Laila thân yêu? Laila choàng mở mắt. Cô thở hổn hển, người đổ về phía trước. Cô làm con dơi giật mình, bay vèo từ góc","này sang góc khác của kolba, tiếng vỗ cánh của nó nghe như tiếng lật giở các trang sách, rồi nó bay ra ngoài cửa sổ.",52,completion,"Laila abre los ojos de pronto. Suelta una exclamación ahogada y salta hacia delante como un resorte. Asusta al murciélago, cuyas alas,","al volar de un lado a otro del kolba, asemejan las hojas de un libro. Finalmente el animal sale volando por la ventana.",45,completion,"Leyla co? Leyla’nın gözleri açılı veriyor. Nefesi kesiliyor, oturduğu yerde dikeliveriyor. Yarasayı korkuttu, hayvan kulübe’nin bir ucundan","ötekine hızla, kurşun gibi uçuyor, çırpınan kanatları bir kitabın hızla çevrilen sayfaları gibi; sonunda, pencereden uçup gidiyor.",34,"Leyla'nın gözleri açılı veriyor. Nefesi kesiliyor, oturduğu yerde dikeliveriyor. Yarasayı korkuttu, hayvan kulübe'nin bir ucundan hızla uzaklaşıyor. Leyla, yarasanın peşinden koşmaya çalışıyor ama hayvan çok hızlı. Leyla, yarasanın peşinden koşmaya çalışıyor ama hayvan çok hızlı. Leyla, yarasanın peşinden koşmaya çalışıyor ama hayvan çok hızlı. Leyla, yarasanın peşinden koşmaya çalışıyor ama hayvan çok hızlı. Leyla, yarasanın peşinden koşmaya çalışıyor ama hayvan çok hızlı. Leyla, yarasanın peşinden koşmaya çalışıyor ama hayvan çok hızlı. Leyla, yarasanın peşinden koşmaya çalışıyor ama hayvan çok hızlı. Leyla, yarasanın peşinden koşmaya çalışıyor ama hayvan çok hızlı. Leyla, yarasanın peşinden koşmaya çalışıyor ama hayvan çok hızlı. Leyla, yarasanın peşinden koşmaya çalışıyor ama hayvan çok hızlı. Leyla, yarasanın peşinden koşmaya çalışıyor ama hayvan çok hızlı. Leyla, yarasanın peşinden koşmaya çalışıyor ama hayvan çok hızlı. Leyla, yarasanın peşinden koşmaya çalışıyor ama hayvan çok hızlı. Leyla, yarasanın peşinden koşmaya çalışıyor ama hayvan çok hızlı. Leyla, yarasanın peşinden koşmaya çalışıyor ama hayvan çok hızlı. Leyla, yarasanın peşinden koşmaya çalışıyor ama hayvan çok hızlı. Leyla, yarasanın peşinden koşmaya çalışıyor ama hayvan çok hızlı. Leyla, yarasanın peşinden koşmaya çalışıyor ama hayvan çok hızlı. Leyla, yarasanın peşinden koşmaya çalışıyor ama hayvan çok hızlı. Leyla, yarasanın peşinden koşmaya çalışıyor ama hayvan çok hızlı. Leyla, yarasanın peşinden koşmaya çalışıyor ama hayvan çok hızlı. Leyla, yarasanın peşinden koşmaya çalışıyor ama hayvan çok hızlı. Leyla, yarasanın peşinden koşmaya çalışıyor ama hayvan çok hızlı. Leyla, yarasanın peşinden koşmaya çalışıyor ama hayvan çok hızlı. Leyla, yarasanın peşinden koşmaya çalışıyor ama hayvan çok hızlı. Leyla, yarasanın peşinden koşmaya çalışıyor ama hayvan çok hızlı. Leyla, yarasanın peşinden koşmaya çalışıyor ama hayvan çok hızlı. Leyla, yarasanın peşinden koşmaya çalışıyor ama hayvan çok hızlı. Leyla, yarasanın peşinden koşmaya çalışıyor ama hayvan çok hızlı. Leyla, yarasanın peşinden koşmaya çalışıyor ama hayvan çok hızlı. Leyla, yarasanın peşinden koşmaya çalışıyor ama hayvan çok hızlı. Leyla, yarasanın peşinden koşmaya çalışıyor ama hayvan çok hızlı. Leyla, yarasanın peşinden koşmaya çalışıyor ama hayvan çok hızlı. Leyla, yarasanın peşinden koşmaya çalışıyor ama hayvan çok hızlı. Leyla, yarasanın peşinden koşmaya çalışıyor ama hayvan çok hızlı. Leyla, yarasanın peşinden koşmaya çalışıyor ama hayvan çok hızlı. Leyla, yarasanın peşinden koşmaya çalışıyor ama hayvan çok hızlı. Leyla, yarasanın peşinden koşmaya çalışıyor ama hayvan çok hızlı. Leyla, yarasanın peşinden koşmaya çalışıyor ama hayvan çok hızlı. Leyla, yarasanın peşinden koşmaya çalışıyor ama hayvan çok hızlı. Leyla, yarasanın peşinden koşmaya çalışıyor ama hayvan çok hızlı. Leyla, yarasanın peşinden koşmaya çalışıyor ama hayvan çok hızlı. Leyla, yarasanın peşinden koşmaya çalışıyor ama hayvan çok hızlı. Leyla, yarasanın peşinden koşmaya çalışıyor ama hayvan çok hızlı. Leyla, yarasanın peşinden koşmaya çalışıyor ama hayvan çok hızlı. Leyla, yarasanın peşinden koşmaya çalışıyor ama hayvan çok hızlı. Leyla, yarasanın peşinden koşmaya çalışıyor ama hayvan çok hızlı. Leyla, yarasanın peşinden koşmaya çalışıyor ama hayvan çok hızlı. Leyla, yarasanın peşinden koşmaya çalışıyor ama hayvan çok hızlı. Leyla, yarasanın peşinden koşmaya çalışıyor ama hayvan çok hızlı. Leyla, yarasanın peşinden koşmaya çalışıyor ama hayvan çok hızlı. Leyla, yarasanın peşinden koşmaya çalışıyor ama hayvan çok hızlı. Leyla, yarasanın peşinden koşmaya çalışıyor ama"
"Laila turns a corner in the hallway and sees the children now, waiting outside the classroom. She is","greeted by their scarves, their shaved scalps covered by skullcaps, their small, lean figures, the beauty of their drabness.",37,completion,"Laila rẽ ở một góc hành lang và bây giờ cô nhìn thấy lũ trẻ đang đợi ở bên ngoài phòng học. Chúng chào cô bằng những chiếc khăn, những","chiếc đầu cạo trọc được che bởi những chiếc mũ chỏm, bằng những hình dáng nhỏ nhắn, gầy còm của chúng, bằng vẻ đẹp từ sự ảm đạm của chúng.",60,completion,Laila vuelve a doblar cuando llega al extremo del pasillo y ve a los niños que la esperan en la puerta del,"aula. La reciben con sus pañuelos, sus cráneos afeitados con casquete, sus figuras menudas y delgadas, la belleza de sus sencillas ropas.",44,completion>,Leyla bir başka koridora sapıyor ve öğrencilerini görüyor; sınıfın önüne toplaşmış,"bekliyorlar. Başörtüleri, kazınmış kafalar, küçük, zayıf bedenler, güzelim pejmürdeliklerin oluşturduğu bir karmaşa.",23,"Leyla bir başka koridora sapıyor ve öğrencilerini görüyor; sınıfın önüne toplaşmış, birbirlerine gülüşüyorlar ve Leyla'nın dikkatini çekmek için ellerini sallıyorlar. Leyla, öğrencilerinin bu neşeli halini görünce, onlara doğru ilerliyor ve öğrencilerinin dikkatini çekerek, ""Merhaba, çocuklar!"" diye sesleniyor. Öğrenciler, Leyla'nın sesini duyunca, hemen ona doğru koşuyorlar ve Leyla'nın etrafında bir halka oluşturuyorlar. Leyla, öğrencilerinin bu sevgi dolu halini görünce, onlara gülümsüyor ve ""Neler oluyor burada?"" diye soruyor. Öğrenciler, Leyla'nın sorusuna cevap verirken, Leyla da onlara, ""Bugün ne yapacağız?"" diye soruyor. Öğrenciler, Leyla'nın sorusuna cevap verirken, Leyla da onlara, ""Bugün ne yapacağız?"" diye soruyor. Leyla, öğrencilerinin cevaplarını dinlerken, onlara, ""Bugün ne yapacağız?"" diye soruyor. Leyla, öğrencilerinin cevaplarını dinlerken, onlara, ""Bugün ne yapacağız?"" diye soruyor. Leyla, öğrencilerinin cevaplarını dinlerken, onlara, ""Bugün ne yapacağız?"" diye soruyor. Leyla, öğrencilerinin cevaplarını dinlerken, onlara, ""Bugün ne yapacağız?"" diye soruyor. Leyla, öğrencilerinin cevaplarını dinlerken, onlara, ""Bugün ne yapacağız?"" diye soruyor. Leyla, öğrencilerinin cevaplarını dinlerken, onlara, ""Bugün ne yapacağız?"" diye soruyor. Leyla, öğrencilerinin cevaplarını dinlerken, onlara, ""Bugün ne yapacağız?"" diye soruyor. Leyla, öğrencilerinin cevaplarını dinlerken, onlara, ""Bugün ne yapacağız?"" diye soruyor. Leyla, öğrencilerinin cevaplarını dinlerken, onlara, ""Bugün ne yapacağız?"" diye soruyor. Leyla, öğrencilerinin cevaplarını dinlerken, onlara, ""Bugün ne yapacağız?"" diye soruyor. Leyla, öğrencilerinin cevaplarını dinlerken, onlara, ""Bugün ne yapacağız?"" diye soruyor. Leyla, öğrencilerinin cevaplarını dinlerken, onlara, ""Bugün ne yapacağız?"" diye soruyor. Leyla, öğrencilerinin cevaplarını dinlerken, onlara, ""Bugün ne yapacağız?"" diye soruyor. Leyla, öğrencilerinin cevaplarını dinlerken, onlara, ""Bugün ne yapacağız?"" diye soruyor. Leyla, öğrencilerinin cevaplarını dinlerken, onlara, ""Bugün ne yapacağız?"" diye soruyor. Leyla, öğrencilerinin cevaplarını dinlerken, onlara, ""Bugün ne yapacağız?"" diye soruyor. Leyla, öğrencilerinin cevaplarını dinlerken, onlara, ""Bugün ne yapacağız?"" diye soruyor. Leyla, öğrencilerinin cevaplarını dinlerken, onlara, ""Bugün ne yapacağız?"" diye soruyor. Leyla, öğrencilerinin cevaplarını dinlerken, onlara, ""Bugün ne yapacağız?"" diye soruyor. Leyla, öğrencilerinin cevaplarını dinlerken, onlara, ""Bugün ne yapacağız?"" diye soruyor. Leyla, öğrencilerinin cevaplarını dinlerken, onlara, ""Bugün ne yapacağız?"" diye soruyor. Leyla, öğrencilerinin cevaplarını dinlerken, onlara, ""Bugün ne yapacağız?"" diye soruyor. Leyla, öğrencilerinin cevaplarını dinlerken, onlara, ""Bugün ne yapacağız?"" diye soruyor. Leyla, öğrencilerinin cevaplarını dinlerken, onlara, ""Bugün ne yapacağız?"" diye soruyor. Leyla, öğrencilerinin cevaplarını dinlerken, onlara, ""Bugün ne yapacağız?"" diye soruyor. Leyla, öğrencilerinin cevaplarını dinlerken, onlara, ""Bugün ne yapacağız?"" diye soruyor. Leyla, öğrencilerinin cevaplarını dinlerken, onlara, ""Bugün ne yapacağız?"" diye soruyor. Leyla, öğrencilerinin cevaplarını dinler"
